term,freq,tfidf,pmi,score,entity_type,keep,alias
飞行器,5108,0.843583,7.441099,3065.797185,Aircraft,Y,
机翼,3384,0.517797,5.912955,2031.146635,Structure,Y,
气动,2666,0.431712,6.570712,1600.386585,Performance,Y,
变体,2461,0.615922,6.630371,1477.447814,Aircraft,Y,
飞机,2275,0.281078,5.553218,1365.639645,Aircraft,Y,
运动,2119,0.121145,6.833207,1272.119664,Concept,Y,
轨道,1993,0.121222,9.176335,1196.754,Mission,Y,
系数,1614,0.17881,6.035522,969.057195,Parameter,Y,
特性,1539,0.21418,7.122636,924.176518,Concept,Y,
参数,1513,0.193233,7.677718,908.625742,Parameter,Y,
动力学,1302,0.138468,6.938368,781.935377,Concept,Y,
连接,1274,0.096609,8.78071,765.307054,Structure,Y,
状态,1240,0.151885,9.051901,744.950756,Concept,Y,
航天器,1239,0.077432,6.878538,744.111083,Aircraft,Y,
方向,1164,0.081867,6.243489,699.048909,Parameter,Y,
坐标系,1120,0.050987,7.923098,672.807606,Parameter,Y,
翼型,1114,0.109097,5.632979,668.996027,Structure,Y,
数据,1086,0.095633,7.283324,652.357022,Concept,Y,
机构,1085,0.133101,4.324812,651.472411,Mechanism,Y,
复合材料,1016,0.101154,9.533484,610.583695,Concept,Y,
条件,972,0.099275,8.672378,584.09702,Parameter,Y,工作条件
航天飞机,971,0.125108,6.927388,583.330271,Aircraft,Y,
应用,942,0.129886,5.099271,565.748893,Concept,Y,
结构设计,896,0.074159,5.372683,538.159516,Structure,Y,
分离,876,0.067898,7.194978,526.339867,Mechanism,Y,
优化,875,0.107399,8.012288,525.833448,Concept,Y,
变形,863,0.283995,5.638119,518.44901,Mechanism,Y,
空间,837,0.074873,7.570922,502.979554,Concept,Y,
折叠,827,0.335735,11.099304,497.410651,Mechanism,Y,
函数,794,0.075508,8.081887,477.230841,Concept,Y,
目标,784,0.05976,8.536683,471.271596,Concept,Y,
机身,754,0.094426,6.677996,453.096127,Structure,Y,
布局,752,0.145868,9.639816,452.207742,Concept,Y,
环境,740,0.074556,10.458514,445.068218,Concept,Y,
动力,733,0.058591,5.065118,440.324089,Concept,Y,
变体飞行器,730,0.0,7.149193,438.714919,Mission,Y,
航天,722,0.11372,8.726235,434.106739,Concept,Y,
发动机,720,0.059343,7.37779,432.755582,Concept,Y,
空气,715,0.069026,6.590612,429.679769,Concept,Y,
外形,710,0.096392,6.902063,426.719124,Concept,Y,
超声速,705,0.116338,8.846084,423.91951,Mission,Y,
方案,704,0.093697,8.150753,423.243184,Concept,Y,
平面,703,0.048439,6.329241,422.447456,Concept,Y,
稳定,686,0.089263,8.247096,412.451489,Performance,Y,
高度,671,0.053496,5.456775,403.161726,Parameter,Y,
形状,657,0.068286,7.176865,394.938172,Concept,Y,
理论,653,0.060523,8.569593,392.675116,Concept,Y,
分布,652,0.068652,6.91804,391.9124,Concept,Y,
装配,651,0.072571,8.998541,391.521625,Structure,Y,
阶段,645,0.081033,9.646685,387.988978,Mission,Y,飞行阶段
流动,635,0.06887,4.930655,381.513726,Concept,Y,
制造,633,0.061619,8.07449,380.625935,Concept,Y,制造工艺
部件,615,0.050593,6.985274,369.713705,Structure,Y,
验证,608,0.081733,8.276774,365.652197,Concept,Y,
任务,602,0.102592,11.040568,362.334834,Mission,Y,
稳定性,600,0.111926,6.930792,360.726657,Performance,Y,动/静稳定性
方式,595,0.110126,4.626555,357.495693,Concept,Y,控制/实现方式
翼面,577,0.063315,4.500914,346.669086,Structure,Y,
部分,571,0.054512,6.1774,343.234094,Structure,Y,部段/部分结构
尺寸,563,0.057036,11.613371,338.978448,Parameter,Y,
范围,551,0.055763,11.48777,331.765506,Parameter,Y,
设备,551,0.041706,7.600509,331.372563,Concept,Y,设备/舱内设备
安装,543,0.042879,9.032562,326.71612,Concept,Y,
前缘,543,0.062028,8.879741,326.706582,Structure,Y,
弹道,540,0.02447,6.908148,324.698156,Mission,Y,
操纵,536,0.05059,10.318246,322.647002,ControlMethod,Y,
气动力,535,0.069714,5.739064,321.594821,Performance,Y,
折叠变体,534,0.0,4.271186,320.827119,Mechanism,Y,
工艺,526,0.06648,9.52962,316.572906,Concept,Y,制造/加工工艺
重复使用,521,0.112671,7.809742,313.414775,Concept,Y,
厚度,511,0.057358,7.594794,307.376687,Parameter,Y,
效应,505,0.070509,6.533313,303.674484,Concept,Y,
定义,489,0.037043,7.819864,294.193099,Concept,Y,
飞行动力学,486,0.0,6.701598,292.27016,Mission,Y,
卫星,483,0.031849,11.522268,290.961781,Aircraft,Y,
可靠性,483,0.040962,7.487975,290.561086,Performance,Y,
中心,483,0.046045,6.270662,290.44088,Concept,Y,
构型,482,0.304133,4.469806,289.738221,Concept,Y,
因素,481,0.037727,9.083525,289.51967,Concept,Y,
研制,481,0.051736,6.687156,289.284236,Concept,Y,
分量,476,0.028195,4.514132,286.059872,Concept,Y,
迎角,475,0.049504,8.935346,285.908386,Parameter,Y,
morphing,471,0.517393,7.051054,283.460323,Mechanism,Y,变形飞行（形态可变）
纵向,471,0.075,7.530242,283.375524,Concept,Y,
发射,467,0.032558,8.021424,281.01191,Mission,Y,
副翼,457,0.072802,7.707512,274.992592,Structure,Y,
曲线,451,0.068369,8.814528,271.501964,Concept,Y,气动/力学曲线
能力,450,0.061153,4.009378,270.419284,Performance,Y,控制能力
矩阵,446,0.042001,9.269364,268.539537,Concept,Y,状态/系统矩阵
水平,440,0.046164,9.32399,264.946248,Concept,Y,水平面/水平向
扰动,440,0.050013,6.445739,264.659578,Concept,Y,气动扰动
平衡,439,0.033747,9.425855,264.35271,Concept,Y,力平衡
周期,432,0.032338,10.534012,260.263103,Performance,Y,周期性
整体,432,0.041589,6.895549,259.902032,Concept,Y,整体性能/整体结构
双翼,428,0.148917,6.279378,257.472613,Aircraft,Y,
大气,426,0.020087,5.160864,256.122112,Mission,Y,大气环境
推力,425,0.031078,5.779719,255.587295,Parameter,Y,
刚度,423,0.034827,7.138614,254.524309,Parameter,Y,结构刚度
展弦比,418,0.095925,9.636264,251.792404,Parameter,Y,
加速度,412,0.022744,6.928653,247.899688,Parameter,Y,
姿态,409,0.04812,9.695181,246.383954,Concept,Y,飞行姿态
损伤,408,0.066824,11.831464,246.003194,Concept,Y,结构损伤
振动,407,0.028863,6.295291,244.838188,Performance,Y,结构振动
飞行器气动,404,0.0,5.263822,242.926382,Performance,Y,
角度,404,0.058532,4.534224,242.870982,Parameter,Y,迎角/偏转角等角度参数
偏转,402,0.056324,7.561444,241.973042,ControlMethod,Y,舵面偏转/矢量偏转
受力,401,0.031444,5.457518,241.155185,Concept,Y,受力状态
攻角,396,0.134306,8.95242,238.535534,Parameter,Y,攻角 α
aircraft,396,0.337015,5.845453,238.28565,Aircraft,Y,飞行器
马赫数,384,0.078906,7.852244,231.208896,Parameter,Y,马赫数 M
几何,383,0.04306,10.521655,230.865084,Parameter,Y,几何参数
重量,383,0.081553,5.645454,230.389011,Parameter,Y,重量/质量
防热,373,0.0417,8.675199,224.68003,Concept,Y,防热（热防护）
效率,369,0.05068,8.103205,222.225524,Performance,Y,
响应,369,0.050436,6.228299,222.037961,Performance,Y,系统响应
过载,367,0.022315,5.724107,220.779105,Parameter,Y,过载 n
俯仰,364,0.049393,11.554188,219.570237,Concept,Y,俯仰运动
激波,363,0.045522,10.606246,218.874281,Concept,Y,
气动特性,362,0.0,7.158113,217.915811,Performance,Y,
仿真,360,0.072425,11.243199,217.146047,Concept,Y,
动态,358,0.066421,4.377952,215.257721,Performance,Y,动态特性
气流,357,0.035169,5.378124,214.748363,Concept,Y,
引力,356,0.027884,5.658272,214.174192,Parameter,Y,重力/引力
飞行器结构设计,355,0.0,7.316686,213.731669,Structure,Y,
约束,349,0.034122,11.085784,210.518815,Concept,Y,
变量,344,0.02596,4.533518,206.86114,Parameter,Y,
质心,342,0.037503,7.72949,205.9842,Parameter,Y,
原理,340,0.040981,8.04766,204.81706,Concept,Y,工作原理
假设,338,0.028153,7.792215,203.587667,Concept,Y,建模假设
坐标,336,0.025795,9.529523,202.560691,Parameter,Y,坐标系
升力系数,336,0.0,8.051249,202.405125,Performance,Y,
襟翼,336,0.048444,7.815559,202.396089,Structure,Y,
活动机翼,328,0.0,7.837946,197.583795,Structure,Y,
翼展,327,0.056989,4.723904,196.689487,Parameter,Y,
能量,326,0.02671,4.312688,196.039282,Parameter,Y,
惯性,325,0.022749,7.584571,195.765282,Concept,Y,
机动,323,0.029519,2.30865,194.039721,Mission,Y,
建模,322,0.07639,7.923834,194.015301,Concept,Y,数值建模
航天飞行器,318,0.0,5.669167,191.366917,Mission,Y,
公式,316,0.024853,7.281528,190.335609,Concept,Y,数学公式
再入,315,0.043259,9.417336,189.954711,Mission,Y,再入飞行
近似,313,0.023813,10.017923,188.808936,Concept,Y,近似计算
误差,310,0.032729,10.611729,187.070991,Performance,Y,
翅膀,308,0.072225,12.312693,186.052937,Structure,Y,机翼
wing,308,0.260424,7.454992,185.623627,Structure,Y,机翼
精度,308,0.028363,7.14064,185.522573,Performance,Y,计算精度
连杆,305,0.086339,8.414728,183.867375,Mechanism,Y,连杆机构
导数,303,0.056951,4.616203,182.278706,Parameter,Y,
构件,303,0.035083,4.465713,182.257096,Structure,Y,结构构件
特征,302,0.035291,9.451321,182.155719,Concept,Y,特征参数
破坏,300,0.025661,12.325858,181.240284,Concept,Y,结构破坏
算法,301,0.050266,6.193808,181.23446,ControlMethod,Y,
折叠变体飞行器,297,0.0,0.0,178.2,Mechanism,Y,
密封,295,0.032467,10.807234,178.090463,Concept,Y,
密度,295,0.024789,6.332548,177.640691,Parameter,Y,
蒙皮,291,0.06592,11.957691,175.815545,Structure,Y,
弹性,292,0.045562,5.068787,175.720547,Concept,Y,
后缘,290,0.041591,7.621924,174.77467,Structure,Y,
网格,289,0.074045,11.103328,174.532546,Concept,Y,计算网格
预测,286,0.090101,9.888982,172.615929,Concept,Y,预测模型
信息,285,0.028129,11.580163,172.166455,Concept,Y,
非线性,278,0.064992,8.091574,167.628655,Concept,Y,
区域,275,0.027044,10.225182,166.030631,Concept,Y,
轨迹,275,0.020707,9.207929,165.927005,Concept,Y,
弯度,274,0.067774,6.313987,165.051731,Parameter,Y,
加热,272,0.028305,6.330132,163.841505,Concept,Y,
干扰,268,0.046664,10.814025,161.895402,Concept,Y,
起飞,268,0.033603,4.809535,161.291034,Mission,Y,
模拟,267,0.032788,8.823693,161.092206,Concept,Y,仿真
组合,267,0.030124,6.903239,160.899361,Concept,Y,
最优,266,0.038382,7.4424,160.355755,Concept,Y,
变体过程,266,0.0,7.18493,160.318493,Mission,Y,
裂纹,265,0.044024,11.68534,160.181741,Concept,Y,
可靠,264,0.022117,7.545014,159.161136,Performance,Y,可靠性
驱动器,264,0.069943,7.006496,159.121633,Mechanism,Y,
应变,264,0.038324,3.7133,158.782827,Parameter,Y,
类型,261,0.022952,6.611529,157.268038,Concept,Y,
对称,261,0.025577,6.558249,157.263498,Concept,Y,
寿命,260,0.029642,12.495893,157.258482,Performance,Y,
半径,260,0.019809,10.326294,157.038572,Parameter,Y,
垂直,259,0.026431,10.035261,156.411455,Concept,Y,
运行,257,0.021958,3.946933,154.601281,Concept,Y,
需求,255,0.080762,6.447023,153.668931,Concept,Y,
长度,255,0.026271,5.382154,153.546097,Parameter,Y,
空气动力学,254,0.0,8.508107,153.250811,Performance,Y,
上下,254,0.051127,4.522689,152.867607,Concept,Y,
气体,254,0.024503,4.116796,152.819031,Concept,Y,
偏差,253,0.024478,8.053165,152.61266,Performance,Y,
纤维,250,0.033362,11.02565,151.112574,Concept,Y,
控制系统,250,0.043691,6.48432,150.661539,ControlMethod,Y,飞行控制系统
最小,250,0.025432,6.351364,150.642766,Concept,Y,
传统,249,0.051784,6.989163,150.114452,Concept,Y,传统方法
常用,249,0.018333,4.673931,149.872893,Concept,Y,
截面,248,0.024206,7.797927,149.587054,Structure,Y,
计划,247,0.034514,6.707119,148.881066,Mission,Y,
自动,247,0.021518,5.086298,148.715085,ControlMethod,Y,自动控制
模式,247,0.028276,4.804364,148.688919,Concept,Y,工作模式
支撑,244,0.029445,11.27573,147.536407,Structure,Y,支撑结构
尾翼,243,0.031103,6.143686,146.423699,Structure,Y,
力学,241,0.027174,6.554841,145.263636,Concept,Y,
着陆,239,0.034766,10.80872,144.491302,Mission,Y,
布置,239,0.02256,6.97363,144.104131,Structure,Y,布局
耦合,238,0.036958,9.020982,143.713185,Concept,Y,
风洞试验,237,0.037067,9.313415,143.142462,Document,Y,
后掠角,237,0.064323,7.780017,142.997299,Parameter,Y,
空气动力,237,0.0,7.517679,142.951768,Performance,Y,
限制,237,0.032908,6.824308,142.892303,Concept,Y,约束
角速度,236,0.015691,5.939295,142.198637,Parameter,Y,
智能,234,0.114129,8.42625,141.276864,ControlMethod,Y,智能控制
战斗机,234,0.030076,7.322921,141.141315,Aircraft,Y,
辐射,233,0.018519,10.559716,140.861527,Concept,Y,
连续,233,0.048284,9.047193,140.719204,Concept,Y,
接头,233,0.0241,7.484705,140.5557,Structure,Y,
可用,233,0.016294,2.928126,140.097701,Performance,Y,可用性
储箱,231,0.024303,11.341166,139.741407,Structure,Y,
疲劳,229,0.03194,12.726265,138.682208,Concept,Y,
程度,229,0.028061,3.448374,137.753256,Concept,Y,
三维,226,0.025792,8.617308,136.469468,Concept,Y,
热流,226,0.037222,5.903823,136.201549,Concept,Y,
气动布局,224,0.0,7.524007,135.152401,Performance,Y,
冲击,222,0.024927,11.593714,134.36685,Concept,Y,激波冲击
边界,222,0.025125,10.359546,134.243492,Concept,Y,
规划,216,0.024996,9.829558,130.590455,ControlMethod,Y,
数据库,216,0.029243,8.090003,130.417773,Concept,Y,
元件,216,0.024393,7.050675,130.312385,Structure,Y,
线性,215,0.039905,5.817233,129.593695,Concept,Y,
零件,214,0.025628,7.343288,129.142017,Structure,Y,
规律,210,0.026862,10.373391,127.045398,Concept,Y,
失速,209,0.030882,7.029283,126.112193,Performance,Y,
现象,206,0.02009,9.093133,124.51534,Concept,Y,气动/动力学现象
巡航,205,0.038515,8.873412,123.898896,Mission,Y,
模态,205,0.036447,5.840246,123.594959,Concept,Y,
弹体,205,0.013516,4.253238,123.429378,Aircraft,Y,
弯曲,204,0.025957,9.359007,123.343688,Structure,Y,弯曲变形
成本,204,0.057233,6.189055,123.036075,Performance,Y,
阻尼,203,0.01602,10.261076,122.830914,Parameter,Y,
低速,203,0.038819,5.838089,122.395455,Mission,Y,低速飞行
新型航天,201,0.0,8.907867,121.490787,Concept,Y,新型航天飞行器
单翼,201,0.05112,4.432342,121.05857,Structure,Y,
弹簧,200,0.015723,9.206894,120.925406,Structure,Y,
声速,200,0.025936,8.698546,120.877636,Parameter,Y,
扭转,199,0.028986,8.475429,120.256239,Structure,Y,扭转变形
偏角,198,0.012773,6.105617,119.414394,Parameter,Y,
剖面,197,0.028029,8.169183,119.025327,Structure,Y,
升阻,197,0.08402,7.21642,118.946848,Performance,Y,升阻特性
失效,196,0.019092,8.239256,118.429653,Concept,Y,
安全,195,0.021004,9.109902,117.917291,Performance,Y,飞行安全
推进,195,0.018866,6.89637,117.695297,Concept,Y,推进系统
铝合金,194,0.024575,11.29672,117.537045,Structure,Y,
指标,193,0.025386,7.810344,116.58865,Performance,Y,
部位,192,0.024015,5.939833,115.801188,Structure,Y,结构部位
飞行试验,192,0.0,4.585083,115.658508,Mission,Y,
新型航天飞行器,191,0.0,8.203943,115.420394,Aircraft,Y,
规定,191,0.017648,6.007087,115.206003,Concept,Y,技术规定/规范
物理,190,0.025242,7.759448,114.783517,Concept,Y,物理量/物理模型
椭圆,188,0.013086,11.155765,113.919502,Concept,Y,椭圆形
目的,189,0.018861,2.47971,113.653629,Concept,Y,研究目的
翼尖,188,0.034628,7.121951,113.522584,Structure,Y,
测量,188,0.016646,6.09317,113.414311,Concept,Y,
积分,188,0.01799,5.802899,113.385687,Parameter,Y,
边界层,187,0.027899,8.782906,113.08666,Concept,Y,
频率,186,0.015282,9.72977,112.577562,Parameter,Y,
偏航,186,0.024197,5.697861,112.177045,ControlMethod,Y,
螺栓,184,0.022626,11.689747,111.575763,Structure,Y,螺栓连接
均匀,183,0.01257,11.060214,110.909792,Performance,Y,均匀流
下降,183,0.036554,6.400708,110.451037,Mission,Y,下降过程
流场,182,0.032681,7.61085,109.970889,Concept,Y,
平均,182,0.023657,7.636784,109.970775,Parameter,Y,平均值
数字化,180,0.021878,8.101639,108.816727,Concept,Y,
附加,180,0.016636,7.718601,108.776851,Performance,Y,附加载荷
机械,179,0.031511,7.488118,108.158265,Structure,Y,机械结构
随机,179,0.039798,5.338171,107.945757,Concept,Y,随机过程
重复使用新型航天,178,0.0,9.192217,107.719222,Aircraft,Y,重复使用航天飞行器
数量,179,0.019792,3.058562,107.711794,Parameter,Y,
适应,178,0.052096,6.674268,107.483055,ControlMethod,Y,适应性控制
金属,177,0.020092,10.729827,107.27901,Concept,Y,金属材料
刚体,176,0.037809,6.37393,106.248736,Concept,Y,刚体模型
对接,176,0.019846,4.036,106.009554,Mechanism,Y,对接机构
接近,175,0.018894,6.412726,105.646941,Mission,Y,接近阶段
掠翼,175,0.033473,5.9282,105.602862,Structure,Y,
示意图,174,0.016797,8.47239,105.252278,Document,Y,
俯仰力矩,173,0.0,9.402477,104.740248,Parameter,Y,
风洞,172,0.024875,11.429047,104.350367,Concept,Y,风洞试验
重复使用新型航天飞行器,172,0.0,8.209769,104.020977,Aircraft,Y,重复使用航天飞行器
单元,172,0.02232,7.602471,103.966943,Structure,Y,计算单元
缺陷,171,0.020502,12.492223,103.855373,Concept,Y,结构缺陷
分子,171,0.019815,5.619102,103.167855,Concept,Y,
大于,171,0.021823,3.288839,102.935431,Parameter,Y,
过渡,170,0.016201,8.972823,102.902143,Mission,Y,过渡过程
时刻,170,0.017875,8.156846,102.821047,Parameter,Y,时间时刻
标准,170,0.017088,7.682562,102.773382,Document,Y,工程标准
蜂窝,169,0.019369,13.379353,102.743746,Structure,Y,蜂窝夹芯
准则,168,0.01687,7.738453,101.578906,Concept,Y,评价准则
压强,168,0.02002,6.253288,101.431335,Parameter,Y,
循环,167,0.01789,10.203564,101.225724,Mission,Y,循环工况
诱导,167,0.025364,9.365114,101.144121,Concept,Y,诱导效应
效果,167,0.025764,6.904554,100.898185,Performance,Y,效果评估
固化,167,0.019969,6.334779,100.839469,Mechanism,Y,固化过程
超过,167,0.01822,6.172474,100.822713,Parameter,Y,超过阈值
航天飞行,167,0.0,5.49071,100.749071,Mission,Y,
侧向,166,0.015885,6.71417,100.276182,Concept,Y,侧向运动
路径,164,0.021614,9.996616,99.406146,Mission,Y,飞行路径
精确,164,0.017697,8.295451,99.234854,Performance,Y,精确度
机体,165,0.020816,2.24195,99.23044,Structure,Y,
阻力系数,164,0.0,7.82325,99.182325,Performance,Y,
高速,163,0.043805,4.543328,98.267474,Mission,Y,高速飞行
快速,162,0.028309,7.773995,97.985892,Performance,Y,快速响应
树脂,161,0.020666,12.965398,97.90274,Concept,Y,树脂基体
加强,162,0.016642,5.851657,97.790158,Structure,Y,结构加筋
变构,162,0.520519,2.381646,97.59432,Aircraft,Y,变构飞行器
协调,160,0.017087,10.932475,97.098374,ControlMethod,Y,控制协调
传力,161,0.021129,4.485905,97.054929,Structure,Y,传力路径
临界,160,0.015674,10.293095,97.034012,Concept,Y,临界状态
策略,159,0.050205,11.738421,96.588904,ControlMethod,Y,控制策略
贮箱,159,0.029628,11.509312,96.55982,Structure,Y,
承力,160,0.016327,5.124236,96.517322,Performance,Y,承力能力
返回,158,0.01725,11.591125,95.964288,Mission,Y,返回飞行
准确,158,0.021724,7.781014,95.584619,Performance,Y,准确性
优点,158,0.015243,5.862268,95.3908,Concept,Y,
非定常,157,0.060861,9.959858,95.214244,Concept,Y,非定常流动
框架,157,0.018893,10.035981,95.209266,Structure,Y,框架结构
滚转,156,0.025019,8.903455,94.497851,Concept,Y,滚转运动
低温,156,0.024931,7.576726,94.365152,Concept,Y,低温环境
常数,156,0.011667,4.431912,94.046691,Parameter,Y,
输出,154,0.018471,7.304906,93.136032,Parameter,Y,输出量
经验,153,0.019192,6.883855,92.494143,ControlMethod,Y,经验方法
铰链,152,0.024006,12.132793,92.420481,Structure,Y,
总体设计,152,0.026701,7.028838,91.910894,Concept,Y,
太阳能,152,0.011803,6.725989,91.87614,Concept,Y,太阳能系统
信号,151,0.010658,9.87617,91.590814,Parameter,Y,
配置,151,0.015096,6.840709,91.2886,Parameter,Y,参数配置
防护,150,0.021058,10.411374,91.047455,Concept,Y,防护设计
性质,151,0.013928,4.265014,91.03068,Parameter,Y,物性参数
梯度,150,0.015675,7.077357,90.712438,Parameter,Y,
法向,150,0.01342,5.030304,90.507057,Parameter,Y,法向方向
检测,149,0.021729,9.538275,90.360346,ControlMethod,Y,结构检测
转换,149,0.013784,7.49119,90.153254,Concept,Y,物理量转换
面板,149,0.018479,4.652637,89.870808,Structure,Y,蒙皮面板
航天飞行动力学,148,0.0,7.943256,89.594326,Mission,Y,
强度刚度,148,0.0,4.227,89.2227,Performance,Y,强度与刚度
理想,147,0.009337,8.543909,89.057192,Concept,Y,理想模型
平尾,147,0.020134,7.297468,88.935787,Structure,Y,水平尾翼
要素,146,0.011392,6.017654,88.205183,Concept,Y,关键要素
航向,146,0.06361,3.86794,88.005877,Parameter,Y,航向角
飞行速度,145,0.017457,3.933712,87.398608,Performance,Y,
弯矩,144,0.026148,7.454844,87.153329,Parameter,Y,
摆动,144,0.00812,6.63971,87.066407,Concept,Y,摆动运动
压缩,143,0.015775,8.62142,86.666874,Concept,Y,压缩过程
燃料,143,0.021222,8.041476,86.610514,Parameter,Y,
起降,143,0.036769,7.297851,86.540816,Mission,Y,起降阶段
最大升力,143,0.0,7.357757,86.535776,Performance,Y,
黏性,143,0.019568,7.283827,86.534253,Concept,Y,黏性效应
集成,143,0.023339,7.164707,86.523472,Concept,Y,系统集成
自由度,143,0.02164,6.255253,86.432017,Parameter,Y,
投影,142,0.008806,9.746862,86.177328,Parameter,Y,投影量
软件,142,0.01329,8.963825,86.100369,Document,Y,飞行仿真软件
压力系数,142,0.0,7.514151,85.951415,Parameter,Y,
焊接,141,0.020609,8.301953,85.436378,Concept,Y,焊接工艺
补偿,140,0.011827,13.46789,85.350337,ControlMethod,Y,误差补偿
舵面,141,0.021214,6.514633,85.257828,Structure,Y,
导引,141,0.007007,6.185262,85.220628,ControlMethod,Y,制导与导引
关系式,141,0.007986,5.530643,85.15546,Concept,Y,气动/力学关系式
制导,141,0.008651,4.769752,85.079571,Concept,Y,
方程组,140,0.00691,6.965669,84.69864,Concept,Y,
体系,140,0.013561,3.192341,84.323302,Concept,Y,
一体化,139,0.020861,7.961585,84.202417,Concept,Y,
高温,139,0.013378,6.529239,84.056937,Concept,Y,
因子,139,0.014716,6.516812,84.056096,Concept,Y,
样机,139,0.015944,4.493129,83.854096,Concept,Y,
力矩系数,138,0.0,7.020749,83.502075,Performance,Y,
节点,138,0.016684,6.432416,83.448247,Concept,Y,
机翼升力,138,0.0,4.251108,83.225111,Performance,Y,
传动,138,0.018552,4.016352,83.207201,Mechanism,Y,传动系统
目标函数,137,0.0,8.109632,83.010963,Concept,Y,
胶接,137,0.023975,7.994788,83.006671,Mechanism,Y,
测试,137,0.020512,6.950508,82.901205,Concept,Y,
质点,137,0.009354,5.396557,82.742462,Concept,Y,
向量,137,0.014746,3.664676,82.570891,Concept,Y,
夹层,136,0.015943,8.512176,82.456001,Structure,Y,
接口,136,0.013628,7.300459,82.334134,Concept,Y,
平台,135,0.01992,8.467919,81.852768,Concept,Y,飞行平台
指向,135,0.009356,5.942724,81.597079,Concept,Y,
雷达,134,0.013791,9.849505,81.389088,Concept,Y,
检验,134,0.015048,7.75406,81.17992,Concept,Y,
设计方案,134,0.04084,5.614454,80.973698,Concept,Y,
舱门,132,0.022922,9.668784,80.173755,Structure,Y,
扭矩,132,0.020048,8.155125,80.021527,Parameter,Y,
二维,132,0.016059,8.065703,80.011388,Concept,Y,
上下机翼,132,0.0,7.774309,79.977431,Structure,Y,
飞行器飞行,133,0.0,1.750457,79.975046,Mission,Y,
流体,132,0.014294,3.990775,79.603366,Concept,Y,
程序,131,0.010569,7.380319,79.341203,Concept,Y,
航迹,131,0.018904,7.210815,79.326753,Mission,Y,
融合,130,0.02118,8.986071,78.904961,Concept,Y,信息融合
支架,130,0.011804,8.637569,78.867298,Structure,Y,
本书,129,0.014301,9.138743,78.318164,Document,Y,
斜率,129,0.023898,8.699004,78.27707,Parameter,Y,
有效载荷,129,0.01297,8.340764,78.237967,Performance,Y,
合金,129,0.013984,8.310066,78.235202,Concept,Y,合金材料
柔性,129,0.064034,7.658745,78.185085,Concept,Y,柔性结构
计算方法,129,0.01681,5.88187,77.99323,Concept,Y,
电池板,128,0.014195,9.549006,77.759159,Structure,Y,
航天飞机气动,128,0.0,6.030719,77.403072,Performance,Y,
组件,128,0.013126,5.600227,77.363961,Concept,Y,
层压板,126,0.013739,10.106932,76.614815,Structure,Y,
直径,126,0.012986,7.995774,76.403473,Parameter,Y,
气动数据,126,0.0,6.556923,76.255692,Performance,Y,
方案设计,126,0.044462,5.55217,76.168556,Concept,Y,
比例,125,0.010753,6.646659,75.667892,Parameter,Y,
虚拟,124,0.016227,11.732229,75.578091,Concept,Y,虚拟（仿真）
离散,124,0.018963,8.704597,75.276149,Concept,Y,
估算,124,0.011834,7.635607,75.167111,Concept,Y,
选取,124,0.014862,7.527434,75.157202,Concept,Y,
正常,124,0.009162,6.754984,75.078247,Mission,Y,正常工况
推重比,123,0.018491,9.69207,74.774754,Performance,Y,
大气层,123,0.012279,7.829935,74.586677,Concept,Y,
零升,123,0.024474,7.370906,74.544433,Performance,Y,
基准,123,0.013039,7.12974,74.516886,Mission,Y,基准工况
独立,122,0.011457,10.799712,74.283408,Parameter,Y,独立变量
原理验证,122,0.0,10.274951,74.227495,Concept,Y,
代价,122,0.049378,9.249625,74.139776,ControlMethod,Y,代价函数
夹角,122,0.007601,7.373334,73.939614,Parameter,Y,
头部,122,0.017661,6.522772,73.857575,Structure,Y,
飞行过程,122,0.0,4.231048,73.623105,Mission,Y,
控制器,122,0.067993,3.801363,73.600534,ControlMethod,Y,
差异,121,0.011173,9.584401,73.561792,Concept,Y,
轨道平面,121,0.0,7.493288,73.349329,Mission,Y,
改进,121,0.014879,6.176725,73.222136,Concept,Y,性能改进
气动加热,120,0.0,8.043889,72.804389,Performance,Y,
运动参数,120,0.0,6.338428,72.633843,Parameter,Y,
壁板,119,0.017149,8.312291,72.236374,Structure,Y,
位移,119,0.010364,7.521965,72.155306,Parameter,Y,
原则,119,0.010939,7.198653,72.123147,Concept,Y,工程原则
微分方程,118,0.009315,8.809084,71.683703,Concept,Y,
复合,118,0.012461,7.920519,71.59579,Structure,Y,复合（复合材料/复合结构）
固定机翼,118,0.0,7.305488,71.530549,Structure,Y,固定翼
扰动运动,118,0.0,7.301704,71.53017,Mission,Y,
故障,117,0.01471,11.902253,71.394638,Concept,Y,
必要,118,0.0116,5.551164,71.358597,Concept,Y,必要条件
严重,117,0.019975,8.636986,71.069691,Concept,Y,严重故障
功率,117,0.01326,7.74619,70.978597,Parameter,Y,
载荷作用,117,0.0,6.031659,70.803166,Parameter,Y,载荷
本体,117,0.009551,4.287076,70.631573,Structure,Y,本体结构
航程,117,0.020621,3.420615,70.548248,Performance,Y,
约束条件,116,0.014869,8.795095,70.48397,ControlMethod,Y,
气动弹性,116,0.017741,7.29078,70.3344,Performance,Y,
成功,116,0.014855,6.584094,70.262866,Mission,Y,任务成功
太阳能电池板,115,0.0,10.091466,70.009147,Structure,Y,
无人机,115,0.041703,6.967657,69.709277,Aircraft,Y,
试验数据,115,0.0,6.910351,69.691035,Concept,Y,
爆炸,114,0.009654,12.439589,69.646855,Concept,Y,
转轴,115,0.012347,5.810527,69.584757,Structure,Y,
反馈,114,0.015411,11.003729,69.504996,ControlMethod,Y,反馈控制
翼根,115,0.021096,4.38296,69.444625,Structure,Y,
进气道,114,0.028163,9.053889,69.313838,Structure,Y,
平行,115,0.010695,2.854588,69.288667,Parameter,Y,平行度
三角形,114,0.014742,7.892439,69.193666,Structure,Y,三角形（外形/几何结构）
释放,113,0.010438,11.739186,68.97705,Mission,Y,能量释放/释放过程
极限,113,0.009313,9.042895,68.707083,Performance,Y,极限条件
依据,113,0.01161,8.361745,68.639657,Concept,Y,依据（约束/准则）
步骤,112,0.011186,11.055527,68.308909,Concept,Y,计算步骤
机头,113,0.013487,4.441095,68.248156,Structure,Y,
对比,113,0.026713,3.661295,68.174143,Concept,Y,对比分析
速率,112,0.016251,4.951096,67.699985,Parameter,Y,
最大升力系数,111,0.0,8.096576,67.409658,Performance,Y,
面元,111,0.021919,5.70483,67.177059,Parameter,Y,
腹板,110,0.020165,9.822354,66.988285,Structure,Y,
倾角,110,0.007773,7.996814,66.802013,Parameter,Y,
次数,109,0.017309,4.810382,65.886231,Parameter,Y,
返回舱,108,0.01201,9.624687,65.766072,Aircraft,Y,
运载火箭,108,0.009385,9.537369,65.756552,Aircraft,Y,
临近空间,108,0.0,9.317566,65.731757,Mission,Y,
喷流,108,0.014147,7.148103,65.519054,Concept,Y,
重心,108,0.013625,5.55217,65.359304,Parameter,Y,
损失,107,0.012005,9.207757,65.124377,Performance,Y,
操纵机构,107,0.0,7.762786,64.976279,Structure,Y,
诱导阻力,107,0.0,7.518938,64.951894,Performance,Y,
试验验证,106,0.0,7.023682,64.302368,Concept,Y,
输入,105,0.012192,7.818079,63.785466,Parameter,Y,
纬度,105,0.008251,7.4098,63.743455,Parameter,Y,
天线,105,0.011074,4.650655,63.468388,Structure,Y,
雷诺数,104,0.014668,7.939707,63.198371,Parameter,Y,
开口,104,0.011552,7.600945,63.16356,Structure,Y,
极点,104,0.018837,6.744036,63.080055,Parameter,Y,
工况,104,0.04595,5.610011,62.974786,Mission,Y,
飞行高度,104,0.014771,5.134486,62.91788,Parameter,Y,
扑翼,103,0.020571,7.516031,62.557774,Mechanism,Y,
负载,103,0.018142,7.477156,62.553158,Performance,Y,
飞船,103,0.011024,6.851368,62.488444,Aircraft,Y,
俯仰角,102,0.009854,7.051708,61.908127,Parameter,Y,
飞行状态,102,0.0,4.345507,61.634551,Mission,Y,
增量,102,0.010687,4.304642,61.63367,Parameter,Y,
关键技术,101,0.03251,8.688457,61.478599,Concept,Y,
零部件,101,0.011749,8.747786,61.478303,Structure,Y,
轰炸机,101,0.01739,7.483985,61.353616,Aircraft,Y,
计算机,101,0.009379,3.888354,60.991649,Concept,Y,
成形,101,0.009438,3.511829,60.954014,Concept,Y,
交点,100,0.007569,6.904488,60.692719,Concept,Y,
升降舵,99,0.009682,9.851818,60.388086,Structure,Y,
因数,100,0.005201,3.08682,60.310242,Concept,Y,
容限,99,0.018697,8.019788,60.207588,Parameter,Y,
剪切,98,0.010007,10.146235,59.817626,Concept,Y,
轨道要素,98,0.0,9.465912,59.746591,Parameter,Y,
惯性坐标系,98,0.0,8.285709,59.628571,Parameter,Y,
分离机构,98,0.0,7.866467,59.586647,Mechanism,Y,
飞机气动,98,0.0,4.962014,59.296201,Performance,Y,
机理,98,0.018714,2.59952,59.065566,Concept,Y,
速度矢量,97,0.0,7.921977,58.992198,Parameter,Y,
失稳,97,0.011359,7.537875,58.957195,Performance,Y,
脉冲,95,0.007332,11.648945,58.167094,Concept,Y,
时变,96,0.032421,2.101761,57.819903,Concept,Y,
气动数据库,95,0.0,8.123018,57.812302,Document,Y,
变换矩阵,95,0.0,8.038306,57.803831,Parameter,Y,
容积,95,0.014523,7.745714,57.778928,Parameter,Y,
轴线,95,0.007492,5.360038,57.538251,Concept,Y,
损伤容限,94,0.0,11.119945,57.511995,Performance,Y,
爬升,94,0.01381,9.734406,57.377584,Mission,Y,
四元,94,0.006902,9.101967,57.312267,Parameter,Y,
相变,95,0.01599,2.677305,57.272527,Concept,Y,
模块,94,0.013603,7.899725,57.194053,Concept,Y,
升力斜率,95,0.0,0.0,57.0,Performance,Y,
体积,94,0.011919,4.74786,56.878362,Parameter,Y,
起落架,93,0.012831,10.260835,56.829933,Structure,Y,
性能指标,93,0.013915,8.091519,56.613326,Performance,Y,
文件,93,0.010138,6.574647,56.460506,Document,Y,
高空,93,0.031743,4.172571,56.22678,Mission,Y,
流程,93,0.010802,4.009802,56.204221,Concept,Y,
包线,92,0.020859,5.914447,55.797703,Concept,Y,
定位,92,0.008395,4.213235,55.623842,Concept,Y,
恢复,91,0.010634,9.855049,55.588695,Concept,Y,
焦点,91,0.014773,9.192761,55.523708,Concept,Y,
相对厚度,91,0.0,7.889833,55.388983,Parameter,Y,
姿态控制,91,0.035921,7.429295,55.353706,ControlMethod,Y,
推进剂,90,0.006185,10.728474,55.074703,Parameter,Y,
热量,91,0.006746,3.687139,54.970738,Parameter,Y,
动量,91,0.008121,2.735878,54.876024,Parameter,Y,
来流,90,0.015294,5.643822,54.56897,Parameter,Y,
连接分离,90,0.0,5.157489,54.515749,Mechanism,Y,
航天飞行器结构设计,89,0.0,7.551148,54.155115,Structure,Y,
初步设计,89,0.008781,7.263804,54.129015,Concept,Y,
口盖,88,0.008073,9.911807,53.793603,Structure,Y,
壳体,88,0.009695,6.571163,53.460025,Structure,Y,
碳纤维,87,0.012577,11.087397,53.312513,Concept,Y,
螺钉,87,0.008775,10.472247,53.249857,Structure,Y,
隐身,87,0.013114,10.21308,53.225242,Concept,Y,隐身技术
矩形,88,0.008494,4.060124,53.208561,Concept,Y,
航空航天,87,0.012563,7.849748,52.988744,Concept,Y,
喷气式,87,0.012244,7.536516,52.957325,Concept,Y,喷气式推进
中心承力,87,0.0,7.513997,52.9514,Concept,Y,
气动外形,87,0.0,6.179096,52.81791,Structure,Y,
动力特性,87,0.0,5.945295,52.794529,Performance,Y,
边界条件,86,0.016552,8.342299,52.439196,Parameter,Y,
新型航天飞行器结构设计,86,0.0,7.802934,52.380293,Structure,Y,
作战,86,0.013171,6.29442,52.233393,Mission,Y,作战任务
运动学,86,0.008715,4.771821,52.079796,Concept,Y,
作用力,86,0.006896,3.597683,51.961837,Parameter,Y,
垂尾,85,0.015265,9.015164,51.906096,Structure,Y,
内力,86,0.008591,2.799101,51.882487,Parameter,Y,
仪器,85,0.006999,7.554349,51.757535,Concept,Y,测量仪器
烧蚀,84,0.007729,12.149205,51.617239,Concept,Y,
航空器,85,0.014041,5.723046,51.576517,Aircraft,Y,
加筋,84,0.009448,8.935937,51.296428,Structure,Y,加筋结构
初始条件,84,0.005878,8.508269,51.25259,Parameter,Y,
可行性,84,0.023242,6.921323,51.099105,Concept,Y,
间距,84,0.019434,6.643168,51.070147,Parameter,Y,
尺度,84,0.043663,4.751017,50.8882,Parameter,Y,
虚拟装配,83,0.0,10.833078,50.883308,Structure,Y,
分配,84,0.016524,4.463191,50.851276,Concept,Y,
噪声,83,0.010685,10.100611,50.813266,Performance,Y,
维护,83,0.021711,9.249226,50.731436,Concept,Y,
安全系数,83,0.009466,8.02524,50.605364,Performance,Y,
腐蚀,82,0.016267,13.307903,50.53567,Concept,Y,
波阻,83,0.016968,7.225284,50.527619,Performance,Y,
外侧,83,0.010369,6.445686,50.447679,Concept,Y,
伸缩,82,0.034889,10.653572,50.275824,Mechanism,Y,伸缩结构
界面,83,0.01037,4.637094,50.266821,Concept,Y,
绕流,82,0.014827,7.306559,49.935104,Concept,Y,
基体,82,0.010364,3.514791,49.554588,Structure,Y,
平衡状态,81,0.0,8.149426,49.414943,Concept,Y,
机翼机翼,82,0.0,0.0,49.2,Structure,Y,机翼
气动载荷,81,0.0,4.63618,49.063618,Parameter,Y,
近地点,80,0.006753,8.873216,48.889347,Mission,Y,
方向舵,80,0.0099,8.096022,48.812572,Structure,Y,
弹头,80,0.020049,6.010796,48.607094,Concept,Y,
涂层,79,0.008207,9.292872,48.331749,Structure,Y,
试飞,80,0.016568,2.480268,48.252997,Mission,Y,
正交,79,0.005412,8.040351,48.205659,Concept,Y,
助推器,79,0.010356,7.930412,48.196148,Concept,Y,
传动机构,79,0.0,7.874924,48.187492,Mechanism,Y,
连接形式,79,0.0,6.955917,48.095592,Concept,Y,
轴承,79,0.012434,6.75917,48.079647,Mechanism,Y,
机翼前缘,79,0.0,6.410562,48.041056,Structure,Y,
方程式,79,0.004094,4.05304,47.806532,Concept,Y,方程
变展,79,0.041272,3.066324,47.719014,Mechanism,Y,
压力分布,78,0.0,8.374879,47.637488,Performance,Y,
应力集中,78,0.0,8.021556,47.602156,Performance,Y,
空气动力特性,78,0.0,7.939103,47.59391,Performance,Y,
反射,78,0.00833,7.57079,47.559578,Concept,Y,
数学模型,78,0.006606,7.082496,47.510231,Concept,Y,
自动化,78,0.015043,6.790371,47.48355,Concept,Y,
颤振,77,0.008352,11.401251,47.342631,Performance,Y,
分类,78,0.016582,4.355413,47.240516,Concept,Y,
小型,78,0.009932,3.873482,47.190328,Aircraft,Y,小型飞行器
序列,77,0.009441,9.361818,47.139014,Concept,Y,
斜置,77,0.032043,7.731698,46.982783,Concept,Y,
曲率,77,0.009577,6.720265,46.8749,Parameter,Y,
自转,77,0.014059,5.703857,46.774603,Mission,Y,
铺层,76,0.01012,8.742882,46.477324,Structure,Y,
粘接,76,0.015206,8.11355,46.415917,Concept,Y,
几何参数,76,0.0,8.109632,46.410963,Parameter,Y,
智能材料,76,0.0,7.794251,46.379425,Concept,Y,
航天器姿态,76,0.0,7.726358,46.372636,Performance,Y,
支承,76,0.0084,7.447959,46.347316,Structure,Y,
连接处,76,0.009287,6.130158,46.215802,Structure,Y,
机翼面积,76,0.0,6.132596,46.21326,Parameter,Y,
马赫,75,0.030532,11.870716,46.196231,Parameter,Y,马赫数
超声速飞行器,76,0.0,5.648121,46.164812,Aircraft,Y,
航天器轨道,76,0.0,5.16586,46.116586,Mission,Y,
平板,76,0.009445,4.930444,46.095878,Structure,Y,
变体飞行器气动,76,0.0,4.052837,46.005284,Performance,Y,
结构件,76,0.010063,2.578374,45.860856,Structure,Y,
三角翼,75,0.012676,6.220903,45.625893,Structure,Y,
载人,75,0.011666,5.544323,45.557932,Aircraft,Y,载人航天器
物面,75,0.013341,5.277711,45.531774,Concept,Y,
剪力,75,0.008761,5.042802,45.506908,Parameter,Y,
电离层,74,0.004033,9.774945,45.378704,Concept,Y,
决策,74,0.04224,9.553524,45.368024,ControlMethod,Y,
副翼偏转,74,0.0,9.361953,45.336195,ControlMethod,Y,
飞行器运动,75,0.0,3.224254,45.322425,Mission,Y,
防热层,74,0.008038,7.611447,45.163556,Structure,Y,
收敛,73,0.012903,12.253357,45.029206,Performance,Y,
展弦比机翼,74,0.0,6.140608,45.014061,Structure,Y,
配平,74,0.030268,5.446648,44.953745,ControlMethod,Y,
环氧树脂,73,0.012729,10.477129,44.851532,Structure,Y,
断裂,73,0.013027,10.05527,44.809435,Concept,Y,
升力阻力,74,0.0,3.842832,44.784283,Performance,Y,升力/阻力
横截面,73,0.008229,8.195596,44.622028,Structure,Y,
附着,73,0.01119,7.942295,44.597586,Concept,Y,
姿态运动,73,0.0,7.314195,44.531419,Concept,Y,
分析方法,73,0.007145,5.466382,44.348782,Concept,Y,
稳态,73,0.011462,5.336498,44.337088,Performance,Y,
反力,73,0.006901,3.757037,44.177774,Parameter,Y,
侧滑,72,0.018762,8.580965,44.063725,Concept,Y,
隔热,72,0.014552,8.581324,44.062498,Concept,Y,
宽度,72,0.007963,6.307694,43.833158,Parameter,Y,
减速,72,0.034447,5.550158,43.76535,Mission,Y,
杆件,72,0.008731,5.490701,43.75169,Structure,Y,
展向,72,0.013963,4.569804,43.661169,Parameter,Y,
拉伸,71,0.008713,10.485801,43.651194,Concept,Y,
最优控制,71,0.030912,7.400407,43.349314,ControlMethod,Y,
半轴,71,0.005699,7.24691,43.326401,Parameter,Y,
速度坐标系,71,0.0,5.915237,43.191524,Parameter,Y,
粒子,70,0.007479,10.588619,43.061106,Concept,Y,
上升,71,0.009358,3.973876,43.000195,Mission,Y,上升阶段
喷管,70,0.006337,8.851102,42.887011,Structure,Y,
二阶,70,0.006989,7.484608,42.750558,Parameter,Y,
喷气,70,0.007464,6.876428,42.689882,Concept,Y,
惯量,70,0.014259,6.52051,42.656329,Parameter,Y,
相对运动,70,0.007226,6.130126,42.61518,Concept,Y,
操纵性,70,0.008826,5.252443,42.527892,Performance,Y,
工艺性,70,0.00781,5.190143,42.521357,Performance,Y,
强化学习,69,0.0,10.00386,42.400386,ControlMethod,Y,
裂纹扩展,69,0.0,9.651019,42.365102,Concept,Y,
支座,69,0.007732,9.283422,42.330662,Structure,Y,
余弦,69,0.004381,9.183717,42.319686,Parameter,Y,
训练,68,0.057087,14.332366,42.250363,ControlMethod,Y,
平面形状,69,0.0,8.244989,42.224499,Structure,Y,
疲劳强度,69,0.012465,7.905953,42.194335,Performance,Y,
环境条件,69,0.0,7.265964,42.126596,Mission,Y,
评价,68,0.020905,10.527099,41.858981,Performance,Y,性能评价
坐标变换,68,0.0,8.429918,41.642992,Mechanism,Y,
承载能力,68,0.006898,7.525357,41.554605,Performance,Y,
真空,68,0.007426,6.368152,41.439043,Concept,Y,真空环境
增升,68,0.010567,4.985113,41.301681,Performance,Y,增升装置/增升能力
飞行器发展,68,0.0,4.384152,41.238415,Mission,Y,
飞行器气动特性,68,0.0,3.69991,41.169991,Performance,Y,
相对位置,67,0.0,7.230992,40.923099,Parameter,Y,
燃油,66,0.0117,11.04688,40.708198,Parameter,Y,
场景,66,0.02058,10.437108,40.649885,Mission,Y,飞行场景
构架,67,0.009112,4.250688,40.627803,Structure,Y,机体构架/结构构架
骨架,66,0.006412,10.197732,40.621697,Structure,Y,机体骨架/结构骨架
弹体坐标系,66,0.0,8.24702,40.424702,Parameter,Y,
发射坐标系,66,0.0,7.950381,40.395038,Parameter,Y,
数字样机,66,0.0,7.540019,40.354002,Concept,Y,
燃气,66,0.004444,5.966369,40.19797,Parameter,Y,
通道,66,0.009809,4.245452,40.027488,Structure,Y,气动通道/流动通道
环量,66,0.011837,4.040168,40.007568,Parameter,Y,
马氏体,65,0.015076,8.341257,39.838649,Concept,Y,
控制策略,65,0.039729,8.129257,39.824844,ControlMethod,Y,
动力学建模,65,0.0,7.264442,39.726444,Concept,Y,
型号,65,0.00908,5.747991,39.577523,Aircraft,Y,飞行器型号
空间飞行器,65,0.0,4.960116,39.496012,Aircraft,Y,
变化规律,64,0.006292,8.192057,39.221093,Concept,Y,
均值,64,0.011778,6.896461,39.09318,Parameter,Y,
爆炸螺栓,63,0.0,12.801518,39.080152,Mechanism,Y,
机动性,64,0.009991,5.38585,38.941582,Performance,Y,
水平面,64,0.00322,5.23228,38.924194,Concept,Y,
轨道轨道,64,0.0,1.275129,38.527513,Mission,Y,轨道
手册,62,0.009146,12.79017,38.481761,Document,Y,飞行手册/技术手册
防热材料,63,0.0,6.585321,38.458532,Structure,Y,
变体机构,63,0.0,5.666565,38.366657,Mechanism,Y,
激励,62,0.005574,11.485569,38.350229,Concept,Y,
壁面,63,0.025965,5.370608,38.34485,Structure,Y,
飞行任务,63,0.0,4.662127,38.266213,Mission,Y,
射程,63,0.003482,4.334315,38.234476,Performance,Y,
形态,63,0.016275,3.390443,38.143927,Concept,Y,外形/形态
分层,63,0.008296,3.224752,38.124964,Structure,Y,分层结构
引力场,62,0.004761,8.922834,38.093712,Concept,Y,
牛顿,61,0.008472,14.86111,38.088652,Concept,Y,
双翼构型,62,0.0,8.831296,38.08313,Aircraft,Y,
鲁棒,61,0.013692,13.479993,37.952107,Performance,Y,鲁棒性
历程,62,0.014592,7.194374,37.923815,Mission,Y,飞行历程
载荷载荷,63,0.0,0.949056,37.894906,Performance,Y,载荷
超声速飞行,62,0.0,5.737144,37.773714,Mission,Y,
微型,62,0.011087,5.685546,37.771881,Aircraft,Y,微型飞行器
被动,62,0.007228,4.219038,37.624072,ControlMethod,Y,被动控制
方位,62,0.004121,3.958947,37.597131,Parameter,Y,方位角
静止,61,0.004802,9.486002,37.550041,Concept,Y,静止状态
下标,62,0.007236,3.276361,37.529807,Parameter,Y,
遗传算法,61,0.008438,9.226031,37.525135,ControlMethod,Y,
转动惯量,61,0.014724,8.509253,37.455343,Parameter,Y,
吸热,61,0.004974,7.834555,37.384948,Concept,Y,
动能,62,0.006129,1.432625,37.345101,Parameter,Y,
动量矩,61,0.005941,6.662118,37.267994,Parameter,Y,
涡流,61,0.00703,6.367452,37.238854,Concept,Y,
锥形,61,0.006896,6.297628,37.231832,Concept,Y,锥形构型
趋势,60,0.008402,12.038538,37.206375,Concept,Y,
最大值,61,0.01029,5.953808,37.198468,Performance,Y,
螺旋桨,60,0.01128,11.863438,37.189728,Structure,Y,
产生升力,61,0.0,5.407253,37.140725,Concept,Y,升力产生
压心,61,0.028782,5.294717,37.138106,Concept,Y,
球面,61,0.004341,4.00672,37.001974,Structure,Y,
经度,61,0.005296,3.813356,36.982924,Parameter,Y,
飞行力学,61,0.0,3.298521,36.929852,Mission,Y,
驻点,60,0.007201,9.255989,36.927759,Concept,Y,
外力,61,0.005252,2.460886,36.847664,Parameter,Y,
中等,61,0.013132,2.255027,36.829442,Performance,Y,中等强度/中等水平
方位角,60,0.004183,8.111117,36.812367,Parameter,Y,
数值模拟,60,0.0,8.064544,36.806454,Concept,Y,
摩擦,59,0.006761,13.661281,36.768156,Concept,Y,
自由飞行,60,0.0,5.234463,36.523446,Mission,Y,
杆系,60,0.007261,5.201763,36.522355,Structure,Y,杆系结构
轨道运动,60,0.0,4.760306,36.476031,Mission,Y,
试件,60,0.011042,3.724033,36.375716,Concept,Y,
控制力,60,0.003172,2.908507,36.291802,Parameter,Y,
剩余强度,59,0.0,7.905953,36.190595,Performance,Y,
相互作用,59,0.00617,7.78783,36.180634,Concept,Y,
间隙,59,0.005393,7.740777,36.175696,Parameter,Y,
升降,59,0.00765,7.025648,36.10486,Concept,Y,升降（力/运动）
等效,59,0.005737,4.520163,35.853737,Concept,Y,
模糊,58,0.010492,9.521397,35.755287,Concept,Y,
常量,59,0.00484,3.268938,35.728346,Parameter,Y,
分系统,59,0.0066,2.779566,35.679937,Concept,Y,
闭环,58,0.013719,8.558266,35.659942,ControlMethod,Y,闭环控制
椭球,58,0.003434,8.301115,35.631142,Concept,Y,
扑翼飞行器,58,0.0,7.71687,35.571687,Aircraft,Y,
发动机推力,58,0.0,7.353774,35.535377,Parameter,Y,
质心运动,58,0.0,7.287723,35.528772,Concept,Y,
尾部,58,0.007923,5.565183,35.358895,Structure,Y,
联动,58,0.005653,3.832326,35.184928,ControlMethod,Y,联动控制
优化算法,57,0.0,8.567184,35.056718,ControlMethod,Y,
坐标系分量,58,0.0,2.215266,35.021527,Parameter,Y,
传递函数,57,0.003131,8.109632,35.011903,Concept,Y,
展长,57,0.016234,6.500971,34.854967,Parameter,Y,翼展
驱动变体,57,0.0,6.48273,34.848273,Mechanism,Y,
安全性,57,0.007503,5.534265,34.755677,Performance,Y,
记忆合金,56,0.016794,11.39027,34.744065,Concept,Y,形状记忆合金
连接件,57,0.007809,4.54941,34.657284,Structure,Y,
航天器飞行,57,0.0,3.531288,34.553129,Mission,Y,
机翼变体,57,0.0,3.461114,34.546111,Mechanism,Y,机翼变形
峰值,56,0.00866,8.921355,34.494734,Performance,Y,
椭圆轨道,56,0.0,8.169613,34.416961,Mission,Y,
飞机气动布局,56,0.0,7.520594,34.352059,Performance,Y,
不确定性,56,0.027197,7.187869,34.326946,Concept,Y,
使用载荷,56,0.0,5.227915,34.122792,Performance,Y,载荷
衰减,55,0.004749,10.66125,34.06755,Performance,Y,
板材,56,0.010516,4.558843,34.059039,Structure,Y,
刚性,56,0.018067,4.422451,34.047665,Performance,Y,
变体飞机,56,0.0,3.26276,33.926276,Aircraft,Y,
前翼,56,0.011093,2.642468,33.867575,Structure,Y,
随机变量,55,0.011238,8.524262,33.855798,Parameter,Y,
起飞重量,55,0.0,8.516819,33.851682,Performance,Y,
基座,55,0.006226,7.628984,33.764766,Structure,Y,
金属材料,55,0.009222,7.398323,33.742599,Concept,Y,
气动力驱动,55,0.0,7.287723,33.728772,Mechanism,Y,
动态特性,55,0.0,7.188664,33.718866,Performance,Y,
法向力,55,0.005051,5.470755,33.548591,Performance,Y,
舱体,55,0.005648,4.168255,33.41852,Structure,Y,
连接方式,54,0.0,7.105716,33.110572,Structure,Y,
变化曲线,54,0.0,6.969826,33.096983,Performance,Y,
变展变体,55,0.0,0.0,33.0,Aircraft,Y,
变化率,54,0.004487,5.423544,32.943701,Parameter,Y,
燃烧,53,0.004735,11.225551,32.923976,Concept,Y,
飞行器研制,54,0.0,4.227099,32.82271,Mission,Y,
冲击损伤,53,0.0,10.226373,32.822637,Concept,Y,
无限翼展,53,0.0,9.644593,32.764459,Parameter,Y,
滚转力矩,53,0.0,9.015389,32.701539,Performance,Y,
形状记忆合金,53,0.0,8.892439,32.689244,Concept,Y,
有限元,53,0.008222,8.307019,32.633169,Concept,Y,
外形尺寸,53,0.003257,7.8636,32.587337,Parameter,Y,
运动方程组,53,0.0,7.590831,32.559083,Concept,Y,
纵向运动,53,0.0,6.87343,32.487343,Mission,Y,
舱段,53,0.006957,6.831644,32.485252,Structure,Y,
翼梁,53,0.006037,4.993901,32.301201,Structure,Y,
干涉,52,0.005105,10.608671,32.262398,Concept,Y,
薄壁,52,0.005925,9.478353,32.149613,Structure,Y,
全机,53,0.010841,3.402318,32.143484,Concept,Y,
指令,52,0.013282,9.389453,32.14293,ControlMethod,Y,
铰链力矩,52,0.0,9.25215,32.125215,Performance,Y,
回路,52,0.004336,8.687637,32.070065,Concept,Y,
喷口,52,0.005336,8.402706,32.041871,Structure,Y,
圆筒,52,0.005771,8.386558,32.040387,Structure,Y,
压力中心,52,0.0,8.331158,32.033116,Parameter,Y,
俯仰力矩系数,52,0.0,8.053048,32.005305,Parameter,Y,
升力理论,53,0.0,1.301189,31.930119,Concept,Y,
惯性矩,52,0.004908,7.028356,31.904308,Parameter,Y,
作动器,52,0.014294,6.532091,31.857497,Structure,Y,
连接分离机构,52,0.0,6.399075,31.839908,Mechanism,Y,
流区,52,0.009093,6.067098,31.809438,Concept,Y,
俯角,52,0.003399,5.451521,31.746172,Parameter,Y,
振荡,51,0.007676,11.371019,31.739405,Concept,Y,
缝隙,51,0.016087,11.250838,31.72991,Structure,Y,
热压,52,0.009448,4.393768,31.642211,Concept,Y,
光滑,51,0.013708,9.75089,31.579201,Concept,Y,光滑表面
飞行器动力学,52,0.0,2.899078,31.489908,Mission,Y,
单翼构型,51,0.0,8.805337,31.480534,Concept,Y,
单位矢量,51,0.0,8.600883,31.460088,Parameter,Y,
迎风,51,0.010396,8.021011,31.40522,Parameter,Y,迎风方向
工程应用,51,0.0,7.472162,31.347216,Concept,Y,
角动量,51,0.005628,6.882879,31.289976,Parameter,Y,
迟滞,50,0.013255,12.80322,31.284299,Concept,Y,迟滞效应
动力学特性,51,0.0,5.8923,31.18923,Performance,Y,
力学性能,51,0.005491,5.538634,31.155511,Performance,Y,
螺母,50,0.005346,10.685651,31.070169,Structure,Y,
正向,51,0.005056,4.246586,31.026175,Concept,Y,正向方向
比值,51,0.004427,4.140493,31.015377,Parameter,Y,
磁场,50,0.002672,10.064668,31.007268,Parameter,Y,
板式,51,0.005206,3.262392,30.927801,Structure,Y,板式结构
俯冲,50,0.00542,8.419329,30.843559,Mission,Y,
动压,51,0.011055,2.199874,30.823304,Parameter,Y,
传感器,50,0.006277,7.992079,30.801091,Concept,Y,
使用寿命,50,0.008321,7.697401,30.772236,Performance,Y,
设备安装,50,0.0,7.673043,30.767304,Concept,Y,
弹道坐标系,50,0.0,7.537799,30.75378,Parameter,Y,
喷气式战斗机,50,0.0,7.482304,30.74823,Aircraft,Y,
变体飞行,50,0.0,6.419395,30.64194,Mission,Y,
复合材料结构设计,50,0.0,6.365873,30.636587,Structure,Y,
折叠变体飞行器气动,51,0.0,0.0,30.6,Performance,Y,折叠变体飞行器气动特性
舱内,50,0.006175,5.757687,30.577621,Mission,Y,舱内环境
飞行器飞行动力学,50,0.0,4.792832,30.479283,Mission,Y,
动力系数,50,0.0,3.976325,30.397633,Parameter,Y,
偏心率,49,0.004127,9.454117,30.34665,Parameter,Y,
波纹,49,0.005662,8.218727,30.223571,Structure,Y,波纹结构/波纹面
飞行器变体,50,0.0,1.921387,30.192139,Mission,Y,
斜置机翼,49,0.0,7.84126,30.184126,Structure,Y,
机翼气动,50,0.0,1.787947,30.178795,Performance,Y,机翼气动特性
空间环境,49,0.0,7.477435,30.147744,Mission,Y,
飞行器总体设计,49,0.0,7.092228,30.109223,Mission,Y,
机翼机身,50,0.0,0.952392,30.095239,Structure,Y,机翼与机身
气动力矩,49,0.0,4.824309,29.882431,Parameter,Y,
重复使用运载,48,0.0,9.370443,29.737044,Concept,Y,重复使用运载系统
航道,49,0.003979,2.873265,29.68852,Mission,Y,
真实气体,48,0.010003,8.347458,29.637747,Concept,Y,真实气体模型
微型航空器,48,0.0,8.226545,29.622654,Aircraft,Y,
飞行航迹,48,0.0,6.652531,29.465253,Mission,Y,
气动中心,48,0.0,5.816119,29.381612,Performance,Y,
转角,48,0.004906,5.723243,29.373796,Parameter,Y,偏转角
飞行轨迹,48,0.0,5.577429,29.357743,Mission,Y,
入轨,48,0.005167,5.246114,29.326161,Mission,Y,
定常,48,0.00834,5.000614,29.302564,Concept,Y,定常工况
变体飞行器气动特性,48,0.0,4.95804,29.295804,Performance,Y,
蝙蝠翅膀,47,0.0,10.414914,29.241491,Concept,Y,
层流,48,0.007302,4.217421,29.223933,Concept,Y,
名义,47,0.006921,9.676554,29.169732,Parameter,Y,名义值
飞行条件,48,0.0,3.25988,29.125988,Mission,Y,
回收,47,0.014157,8.581651,29.062412,Mission,Y,飞行器回收
大气密度,47,0.0,7.86425,28.986425,Parameter,Y,
长细,47,0.007016,7.80788,28.982893,Parameter,Y,长细比
机翼处于不同位置,47,0.0,7.540019,28.954002,Structure,Y,机翼位置
零升阻力,47,0.0,7.518404,28.95184,Performance,Y,
论文,47,0.009644,7.315638,28.934457,Document,Y,
伺服,46,0.011246,13.104959,28.91387,ControlMethod,Y,伺服系统
外壳,47,0.006162,7.01204,28.903053,Structure,Y,
变构飞行器,47,0.0,6.900532,28.890053,Aircraft,Y,
偏心,47,0.003752,6.246268,28.825752,Parameter,Y,偏心距
梯形,47,0.00573,6.162853,28.818004,Concept,Y,梯形翼型
折叠机翼,47,0.0,5.264371,28.726437,Mechanism,Y,
密封圈,46,0.004925,10.976544,28.699132,Structure,Y,
航天器运动,47,0.0,4.563575,28.656358,Aircraft,Y,航天器运动学
乘员,46,0.006284,10.243722,28.626257,Concept,Y,
大地,47,0.003185,3.105182,28.511474,Concept,Y,大地坐标系
飞行器机构,47,0.0,3.037156,28.503716,Mechanism,Y,
翅膀变形,46,0.0,8.630102,28.46301,Mechanism,Y,机翼变形
风洞试验数据,46,0.0,8.441994,28.444199,Document,Y,
数据管理,46,0.004687,7.603015,28.361708,Concept,Y,
阵风,46,0.005519,7.542825,28.355938,Parameter,Y,
临近空间飞行器,46,0.0,7.462985,28.346298,Aircraft,Y,
总体参数,46,0.0,7.424348,28.342435,Parameter,Y,总体设计参数
冷却,45,0.00808,13.128574,28.315281,Mechanism,Y,冷却系统
状态空间,46,0.0,6.337053,28.233705,ControlMethod,Y,状态空间模型
太空,46,0.028075,6.113602,28.219783,Mission,Y,太空环境
薄翼,46,0.008513,5.772443,28.179798,Concept,Y,薄翼理论
润滑,45,0.009256,11.438655,28.146642,Mechanism,Y,润滑系统
滚动,46,0.010453,4.738165,28.076952,Concept,Y,滚转运动
惯性力,46,0.004107,4.651388,28.066371,Parameter,Y,
高效,46,0.020747,4.28693,28.034917,Performance,Y,
疲劳寿命,45,0.0,10.056166,28.005617,Performance,Y,
增升装置,45,0.0,10.007508,28.000751,Structure,Y,
太阳电池,45,0.008715,9.909588,27.993573,Structure,Y,
无人,45,0.006564,8.12884,27.814853,Aircraft,Y,无人飞行器
隔热材料,45,0.005624,7.851895,27.786877,Structure,Y,
平均值,45,0.003887,7.615651,27.762731,Performance,Y,
质量分布,45,0.0,6.890357,27.689036,Parameter,Y,
机翼弯度,45,0.0,6.472401,27.64724,Parameter,Y,
沿展,45,0.006452,6.194048,27.62134,Parameter,Y,展向
前端,45,0.005385,6.051603,27.606776,Concept,Y,
变后掠翼,45,0.0,6.04371,27.604371,Mechanism,Y,可变后掠翼
翼型机翼,46,0.0,-0.596789,27.6,Structure,Y,
飞机部件,45,0.0,5.537249,27.553725,Structure,Y,
适应性,45,0.012917,5.418364,27.545712,Performance,Y,
缝翼,45,0.008799,5.224745,27.525114,Structure,Y,
极大,45,0.011371,4.916444,27.495056,Performance,Y,极值
常值,45,0.007497,4.303541,27.432603,Parameter,Y,
线化,45,0.007725,3.281858,27.330503,ControlMethod,Y,线性化
飞机机翼,45,0.0,2.770721,27.277072,Structure,Y,机翼
飞机飞行,45,0.0,2.067587,27.206759,Mission,Y,飞行
合力,45,0.003253,0.99772,27.100748,Parameter,Y,
摄动,44,0.00389,6.718585,27.073026,Concept,Y,
品质,44,0.008199,6.660634,27.068523,Performance,Y,品质因数
装配过程,44,0.0,6.421627,27.042163,Structure,Y,
资源,43,0.011542,11.208671,26.92433,Concept,Y,
叠加,44,0.006088,5.070592,26.908886,Concept,Y,叠加原理
布局飞机,44,0.0,4.604815,26.860481,Aircraft,Y,
基板,44,0.005853,4.489717,26.850728,Structure,Y,
正态分布,43,0.005864,10.313922,26.833151,Parameter,Y,
参数变化,44,0.0,4.279474,26.827947,Parameter,Y,
荷载,44,0.005722,3.940158,26.795732,Parameter,Y,
长航,44,0.013217,3.847811,26.788746,Performance,Y,长航时
二次曲线,43,0.010486,9.656067,26.768753,Concept,Y,
方差,44,0.003837,3.544444,26.755596,Parameter,Y,
导航,44,0.004166,2.916372,26.692887,ControlMethod,Y,
偏航力矩,43,0.0,8.692739,26.669274,Parameter,Y,
几何形状,43,0.0,8.558147,26.655815,Parameter,Y,
流量,44,0.006979,2.35619,26.637713,Parameter,Y,
速度分量,43,0.0,7.021196,26.50212,Parameter,Y,
超声速流动,43,0.0,7.017213,26.501721,Mission,Y,
制造过程,43,0.0,6.493137,26.449314,Concept,Y,
微小,43,0.003487,5.95712,26.396758,Parameter,Y,微小量
高度变化,43,0.0,5.837327,26.383733,Parameter,Y,
硬壳,42,0.005787,11.255835,26.32732,Structure,Y,
量级,43,0.00733,5.204954,26.322694,Parameter,Y,
机动飞行,43,0.0,4.83361,26.283361,Mission,Y,
机翼平面,43,0.0,4.760504,26.27605,Structure,Y,
级数,43,0.004034,4.435402,26.24475,Concept,Y,
固定翼,43,0.013409,4.297334,26.233756,Aircraft,Y,
旋翼,43,0.014024,4.123829,26.21659,Structure,Y,
仪器设备,42,0.003043,10.017603,26.202673,Concept,Y,测量仪器与设备
效能,43,0.010092,2.976622,26.10069,Performance,Y,
衬条,42,0.005913,8.9108,26.092854,Structure,Y,
破坏模式,42,0.0,8.442301,26.04423,Concept,Y,
搭接,42,0.00603,8.290099,26.030819,Concept,Y,
增益,42,0.016163,8.257582,26.030607,Parameter,Y,
质心位置,42,0.0,7.879169,25.987917,Parameter,Y,
渗漏,41,0.00808,13.615786,25.964003,Concept,Y,
姿态稳定,42,0.0,7.215487,25.921549,Performance,Y,姿态稳定性
传递系数,42,0.0,7.125354,25.912535,Parameter,Y,
周期运动,42,0.0,6.397507,25.839751,Concept,Y,
间隔,42,0.0041,6.218577,25.823088,Parameter,Y,
转弯,42,0.004736,5.472424,25.748663,Mission,Y,转弯机动
状态方程,42,0.002736,5.361069,25.736928,ControlMethod,Y,
附件,42,0.003749,5.32424,25.733549,Structure,Y,
电池,41,0.003521,11.051961,25.706252,Concept,Y,
开环,42,0.004588,4.902221,25.691598,ControlMethod,Y,开环控制
偏置,42,0.002234,4.596502,25.66032,Parameter,Y,
倾斜,41,0.003279,10.243039,25.625288,Concept,Y,
拉力,42,0.007158,3.975504,25.599698,Performance,Y,
电缆,41,0.005809,9.94683,25.596426,Structure,Y,
湍流,41,0.008644,9.33308,25.535901,Concept,Y,
攻击,41,0.004308,9.163375,25.51763,Parameter,Y,迎角（攻击角）
网格生成,41,0.0,9.081343,25.508134,Concept,Y,
稳定度,42,0.00501,2.855327,25.487036,Performance,Y,
圆锥,41,0.002994,8.792197,25.480118,Structure,Y,圆锥体
真实气体效应,41,0.0,8.559088,25.455909,Concept,Y,
管路,41,0.005043,8.463507,25.447864,Structure,Y,
几何外形,41,0.0,8.44027,25.444027,Parameter,Y,
过渡过程,41,0.0,8.275612,25.427561,Mission,Y,
制造工艺,41,0.0,7.969044,25.396904,Concept,Y,
研制阶段,41,0.0,7.948285,25.394828,Mission,Y,
组成部分,41,0.003335,7.801031,25.381104,Concept,Y,
机身机翼,42,0.0,1.537354,25.353735,Structure,Y,机身与机翼
液压,41,0.005494,7.246987,25.326347,Concept,Y,
介质,41,0.004071,6.981784,25.2994,Concept,Y,
航天飞机研制,41,0.0,6.970069,25.297007,Aircraft,Y,
工作环境,41,0.0,6.860594,25.286059,Mission,Y,
布局形式,41,0.0,6.826777,25.282678,Concept,Y,
张量,41,0.005803,6.28601,25.230342,Parameter,Y,
拉格朗,40,0.01419,12.23386,25.227643,Concept,Y,拉格朗日
铆钉,40,0.006461,12.254877,25.227426,Structure,Y,
位置速度,42,0.0,0.0,25.2,Parameter,Y,位置与速度
静态,41,0.004743,5.937926,25.195216,Concept,Y,
展弦比飞机,41,0.0,5.75668,25.175668,Aircraft,Y,展弦比飞机（高展弦比翼型）
纵轴,41,0.00235,5.442236,25.144929,Parameter,Y,
轨道坐标系,41,0.0,5.439272,25.143927,Mission,Y,
运输机,41,0.00695,5.027206,25.104806,Aircraft,Y,
定性,41,0.006354,4.931971,25.095103,Concept,Y,定性分析
梁式,41,0.007558,4.716196,25.073887,Structure,Y,梁式结构
机翼副翼,41,0.0,4.49419,25.049419,Structure,Y,副翼
自由分子,40,0.0,10.202335,25.020233,Concept,Y,自由分子流
气动参数,41,0.0,3.852614,24.985261,Parameter,Y,
流线,41,0.006012,3.697308,24.971534,Concept,Y,
翼身,41,0.006169,3.692124,24.971063,Concept,Y,翼身耦合
常规布局,40,0.0,9.690102,24.96901,Concept,Y,
机翼折叠,41,0.0,3.50538,24.950538,Mechanism,Y,机翼折叠机构
型材,41,0.007431,2.93489,24.895718,Structure,Y,
耐久性,40,0.00651,8.071325,24.809086,Performance,Y,
旋涡,40,0.006617,8.001418,24.802127,Concept,Y,
武器,40,0.004417,7.863974,24.787723,Concept,Y,武器载荷
前缘缝翼,40,0.0,7.863351,24.786335,Structure,Y,
升降副翼,40,0.0,7.863351,24.786335,Structure,Y,
非对称,40,0.005662,7.78297,24.779996,Concept,Y,非对称构型
状态变量,40,0.007884,7.114799,24.713845,Parameter,Y,
轴对称,40,0.006726,7.000682,24.702086,Concept,Y,
并联,40,0.005845,6.152727,24.617026,Concept,Y,并联系统
飞翼,41,0.016027,-0.305487,24.604808,Aircraft,Y,飞翼式布局飞行器
飞机起飞,40,0.0,6.043269,24.604327,Mission,Y,起飞阶段
机翼活动,41,0.0,0.0,24.6,Structure,Y,机翼可动部件
稀薄,39,0.005245,11.683043,24.569878,Concept,Y,稀薄气体
发射点,40,0.003104,5.464576,24.547389,Concept,Y,
串联,39,0.004329,11.226373,24.523936,Concept,Y,串联系统
子系统,40,0.0072,5.139348,24.516095,Concept,Y,
试样,40,0.006677,5.018112,24.503814,Concept,Y,
适应度,40,0.002737,4.984707,24.499292,Performance,Y,适应度函数
飞行马赫数,40,0.0,4.664892,24.466489,Parameter,Y,
传力路径,39,0.0,10.599171,24.459917,Concept,Y,
反角,40,0.00889,4.519182,24.454585,Parameter,Y,
飞行器外形,40,0.0,4.200604,24.42006,Mission,Y,飞行器外形设计
侧面,40,0.005189,4.131975,24.414754,Structure,Y,侧向面
滑动,40,0.011435,3.569055,24.360336,Concept,Y,滑移
实部,40,0.005861,3.572309,24.358989,Parameter,Y,复数实部
专家系统,39,0.004298,9.049917,24.306281,ControlMethod,Y,
变体机翼,40,0.0,2.952101,24.29521,Structure,Y,
目标规划,39,0.0,8.924795,24.29248,ControlMethod,Y,
翼载,40,0.007188,2.691936,24.27135,Parameter,Y,翼载荷
标准大气,39,0.002419,8.580397,24.258765,Concept,Y,
翼板,40,0.004731,2.337976,24.235217,Structure,Y,
弹性模量,39,0.004567,8.131398,24.21451,Parameter,Y,
阻尼导数,39,0.0,8.037482,24.203748,Parameter,Y,
转动角速度,39,0.0,7.905953,24.190595,Parameter,Y,
垂直尾翼,39,0.0,7.789351,24.178935,Structure,Y,
力矩力矩,40,0.0,1.482028,24.148203,Parameter,Y,力矩
技术指标,39,0.00813,7.384708,24.14091,Performance,Y,
流动分离,39,0.0,7.2723,24.12723,Mechanism,Y,
变构飞行,39,0.0,7.115086,24.111509,Mission,Y,
部件气动,40,0.0,0.846893,24.084689,Performance,Y,
翼梢,39,0.007945,6.337096,24.036093,Structure,Y,
椭圆形,39,0.006062,6.295198,24.031339,Concept,Y,椭圆形翼型/几何形状
机翼后缘,39,0.0,6.096051,24.009605,Structure,Y,
应力应变,39,0.0,5.460692,23.946069,Concept,Y,应力-应变
受压,39,0.004173,5.036409,23.904893,Concept,Y,受压状态
弹道式,39,0.003994,4.580684,23.859267,Mission,Y,弹道式飞行
弹身,39,0.003982,4.511369,23.852331,Structure,Y,
铸造,38,0.004305,10.456801,23.846972,Concept,Y,铸造工艺
空天,39,0.06535,3.899421,23.809547,Aircraft,Y,空天飞行
工装,39,0.007113,3.760209,23.778155,Concept,Y,工装夹具
陶瓷,37,0.005282,15.361865,23.737771,Concept,Y,陶瓷材料
轨道飞行器,39,0.0,3.199998,23.72,Aircraft,Y,
碰撞,37,0.004537,14.8968,23.691041,Concept,Y,
加筋条,38,0.004599,8.883342,23.689714,Structure,Y,
任务需求,38,0.0,8.752935,23.675294,Mission,Y,
轨道倾角,38,0.0,8.576999,23.6577,Parameter,Y,
飞行器质量,39,0.0,2.575284,23.657528,Parameter,Y,
危险,37,0.004495,14.479071,23.649256,Concept,Y,危险性/风险
飞行器使用,39,0.0,2.400943,23.640094,Mission,Y,
临界马赫数,38,0.0,8.109632,23.610963,Parameter,Y,
方向余弦,38,0.0,8.077708,23.607771,Parameter,Y,
天体,39,0.003063,2.007025,23.601621,Concept,Y,
鸭式,38,0.007269,7.982869,23.600468,Aircraft,Y,鸭式布局
轻质,38,0.004762,7.646722,23.566101,Performance,Y,轻质设计
摩擦阻力,38,0.005046,7.546419,23.556156,Performance,Y,
原准机,38,0.017432,7.430395,23.548269,Concept,Y,原准机/原准弹
局部应力,38,0.0,7.39832,23.539832,Parameter,Y,
航天器飞行动力学,38,0.0,7.329737,23.532974,Mission,Y,
顶点,38,0.005803,7.279544,23.529695,Concept,Y,
非定常气动,38,0.0,7.261727,23.526173,Performance,Y,
运动规律,38,0.0,7.119147,23.511915,Concept,Y,
追踪,37,0.00217,13.028,23.503451,ControlMethod,Y,目标追踪/跟踪
轨道半径,38,0.0,7.022968,23.502297,Parameter,Y,
发动机工作,38,0.0,6.825157,23.482516,Concept,Y,发动机工作状态
阻比,38,0.017655,6.696083,23.474905,Performance,Y,阻力比/升阻比
无尾,38,0.010879,6.643147,23.467579,Aircraft,Y,无尾布局
通信,38,0.003781,6.289584,23.430093,Concept,Y,
马赫数变化,38,0.0,6.158964,23.415896,Parameter,Y,马赫数变化量
动力装置,38,0.005284,6.134585,23.415044,Concept,Y,
位置双翼,39,0.0,0.0,23.4,Mechanism,Y,
关节,38,0.005157,5.545385,23.356085,Structure,Y,
设计阶段,38,0.003675,5.277038,23.328806,Mission,Y,
玻璃纤维,37,0.004481,11.119458,23.31329,Concept,Y,玻璃纤维材料
弦线,38,0.007025,5.090104,23.311118,Parameter,Y,
翼展机翼,38,0.0,4.915541,23.291554,Structure,Y,翼展机翼/展向机翼
端面,38,0.006026,4.713442,23.273152,Structure,Y,
吸力,38,0.005834,4.696314,23.271382,Parameter,Y,
涡面,38,0.006854,4.582434,23.2603,Concept,Y,涡面/涡结构边界
低空,38,0.018074,4.29456,23.234878,Mission,Y,低空飞行
飞行环境,38,0.0,3.606099,23.16061,Mission,Y,
飞行器变形,38,0.0,3.544116,23.154412,Mechanism,Y,
铺放,37,0.007336,9.442586,23.146459,Concept,Y,铺放工艺
板结构,38,0.004717,3.385141,23.139929,Structure,Y,
并行工程,37,0.003984,8.742413,23.075436,Concept,Y,
终端,37,0.006353,8.585644,23.06047,Mission,Y,终端阶段
法向过载,37,0.0,8.42397,23.042397,Performance,Y,
气动力驱动变体,37,0.0,8.406352,23.040635,Mechanism,Y,气动力驱动变形
计算机辅助,37,0.004081,7.910211,22.992246,Concept,Y,
气流分离,37,0.0,7.832068,22.983207,Mechanism,Y,
折叠构型,37,0.0,7.789233,22.978923,Mechanism,Y,
版本,37,0.003154,7.027279,22.903674,Concept,Y,
负值,37,0.002946,6.56912,22.857796,Parameter,Y,
制动,38,0.003266,0.499248,22.850905,Mission,Y,
精度要求,37,0.0,6.484389,22.848439,Performance,Y,
幅度,37,0.009073,6.185476,22.821269,Parameter,Y,
液氢,36,0.005951,12.017286,22.803514,Concept,Y,
机翼活动机翼,38,0.0,0.0,22.8,Structure,Y,活动机翼
飞行器载荷,38,0.0,-0.418484,22.8,Performance,Y,
军用,37,0.008108,5.951199,22.797552,Concept,Y,
记录,36,0.00449,11.644653,22.765812,Concept,Y,数据记录
初值,37,0.011745,5.499927,22.753516,Parameter,Y,初始值
钛合金,36,0.004624,11.413353,22.742723,Concept,Y,
曲率半径,36,0.0,11.241293,22.724129,Parameter,Y,
概念设计,37,0.007992,5.148729,22.71727,Concept,Y,
最优化,37,0.004939,4.979585,22.69944,ControlMethod,Y,
火工,37,0.004092,4.853517,22.686579,Concept,Y,火工装置
空间飞行,37,0.0,4.861883,22.686188,Mission,Y,
材料选择,37,0.0,4.526479,22.652648,Concept,Y,
分级,37,0.007608,4.262701,22.628552,Concept,Y,
一阶,37,0.004569,4.164296,22.6178,Concept,Y,一阶模型
焊缝,36,0.004203,9.964595,22.597721,Structure,Y,
无限翼展斜置,36,0.0,9.965688,22.596569,Structure,Y,无限翼展斜置翼
舵机,37,0.003867,3.788864,22.580046,Structure,Y,
模量,37,0.0048,3.433693,22.544809,Parameter,Y,弹性模量
高压,37,0.00313,3.379803,22.538919,Parameter,Y,
环氧,36,0.005082,9.155201,22.517045,Concept,Y,环氧树脂
降落,36,0.012766,8.511847,22.455015,Mission,Y,
对流,37,0.003378,2.512843,22.452298,Concept,Y,对流换热
散射,36,0.004783,8.001083,22.401543,Concept,Y,
舱盖,36,0.004639,7.945087,22.3959,Structure,Y,
小翼,37,0.008471,1.910049,22.393546,Structure,Y,
引力加速度,36,0.0,7.905953,22.390595,Parameter,Y,
翼展斜置,36,0.0,7.858333,22.385833,Structure,Y,
引力梯度,36,0.0,7.740894,22.374089,Parameter,Y,
守恒,35,0.006849,13.618006,22.363855,Concept,Y,守恒规律
复合材料整体,36,0.0,7.549713,22.354971,Structure,Y,复合材料整体结构
两个坐标系,36,0.0,7.367157,22.336716,Parameter,Y,
飞行动力学建模,36,0.0,7.329502,22.33295,Mission,Y,
轴向载荷,36,0.0,7.19827,22.319827,Parameter,Y,
目标优化,36,0.0,6.68333,22.268333,Concept,Y,
鲁棒性,36,0.031199,6.548954,22.264255,ControlMethod,Y,
绳索,35,0.004236,12.621159,22.263387,Concept,Y,
纵梁,36,0.00496,6.478287,22.249317,Structure,Y,
剪流,36,0.004357,6.270426,22.22835,Concept,Y,
形状变化,36,0.0,5.917269,22.191727,Mechanism,Y,
变体方式,36,0.0,5.763466,22.176347,Mechanism,Y,
气动效率,36,0.0,5.671721,22.167172,Performance,Y,
陀螺,35,0.002144,11.135212,22.114164,Concept,Y,
组合体,36,0.006148,5.112753,22.11312,Concept,Y,
参数选择,36,0.0,5.075006,22.107501,Parameter,Y,
襟翼前缘,36,0.0,4.781588,22.078159,Structure,Y,
进场,36,0.010759,4.730536,22.076281,Mission,Y,
桁架,35,0.006495,10.557801,22.057729,Structure,Y,
固有频率,35,0.003092,10.43932,22.04486,Performance,Y,
控制技术,36,0.012798,4.315033,22.035343,ControlMethod,Y,
容量,36,0.005148,4.233312,22.024876,Performance,Y,
发生器,36,0.005174,4.120345,22.013587,Concept,Y,
模具,36,0.005285,4.051919,22.006777,Structure,Y,
速度变化,36,0.0,3.955733,21.995573,Parameter,Y,
气动特性影响,36,0.0,3.737675,21.973767,Performance,Y,
动力系统,36,0.003285,3.601118,21.961097,Concept,Y,
零升攻角,35,0.0,9.093464,21.909346,Parameter,Y,
石墨,34,0.004758,15.014276,21.902855,Concept,Y,
连接结构,36,0.004629,2.954937,21.896883,Structure,Y,
法线,36,0.00295,2.818527,21.882738,Parameter,Y,
多体,36,0.009155,2.665214,21.869268,Concept,Y,多体系统
方向相反,35,0.0,8.096567,21.809657,Concept,Y,
机翼固定,36,0.0,2.083095,21.80831,Mechanism,Y,机翼固定方式
解锁,35,0.002996,8.06118,21.807017,Mechanism,Y,解锁机构
理论基础,35,0.0,7.64097,21.764097,Concept,Y,
公转角度,35,0.0,7.538221,21.753822,Parameter,Y,
集中载荷,35,0.0,7.331379,21.733138,Parameter,Y,
构型双翼,35,0.0,6.982233,21.698223,Aircraft,Y,双翼构型
单翼双翼,36,0.0,0.0,21.6,Aircraft,Y,单翼/双翼
翼型厚度,35,0.0,5.95401,21.595401,Parameter,Y,
双翼升力,35,0.0,5.835144,21.583514,Performance,Y,
验证试验,35,0.0,5.721119,21.572112,Mission,Y,
着陆时,35,0.004844,5.471309,21.548584,Mission,Y,着陆阶段
层板,35,0.004386,5.288173,21.530133,Structure,Y,
金属结构,35,0.00506,5.269117,21.52843,Structure,Y,
变体方案,35,0.0,5.147153,21.514715,Mechanism,Y,
电压,35,0.005719,5.041756,21.505891,Parameter,Y,
鸭式布局,34,0.0,10.955726,21.495573,Aircraft,Y,
翼型升力,35,0.0,4.490393,21.449039,Performance,Y,
材料特性,35,0.0,4.311319,21.431132,Concept,Y,
高强度,35,0.004004,4.17487,21.418688,Concept,Y,
流速,35,0.004943,3.834107,21.384893,Parameter,Y,
前部,35,0.004468,3.329714,21.334312,Structure,Y,
探测,34,0.007316,9.315118,21.333707,Mission,Y,
构形,35,0.005313,3.319522,21.333546,Concept,Y,
坐标变换矩阵,34,0.0,9.121143,21.312114,Parameter,Y,
制造一体化,34,0.0,8.946481,21.294648,Concept,Y,
紧固件,34,0.006481,8.690679,21.271012,Structure,Y,
标志,34,0.006957,8.464112,21.248498,Concept,Y,
超临界,34,0.006113,8.352696,21.237104,Mission,Y,
活动机翼升力,35,0.0,2.36648,21.236648,Performance,Y,
方案论证,34,0.0,8.222098,21.22221,Concept,Y,
器件,35,0.002726,1.988314,21.199649,Concept,Y,
月球,34,0.006446,7.889452,21.190879,Mission,Y,
裕度,34,0.006918,7.648795,21.166955,Performance,Y,
教材,34,0.002643,7.610647,21.161858,Document,Y,
种群,34,0.003287,7.585324,21.159519,Concept,Y,
氧化,34,0.004995,7.34909,21.136408,Concept,Y,
实际应用,34,0.0,7.099958,21.109996,Mission,Y,
倾转,34,0.023872,7.024918,21.109653,Mechanism,Y,
特征方程,34,0.002344,7.088465,21.10955,Concept,Y,
辨识,33,0.005666,12.975806,21.09928,ControlMethod,Y,系统辨识
脱体,34,0.006146,6.845637,21.086407,Concept,Y,
共轭,33,0.002376,12.781351,21.078848,Concept,Y,
恒定,34,0.003989,6.758529,21.07705,Concept,Y,恒定工况
初始轨道,34,0.0,6.357387,21.035739,Mission,Y,
开裂,34,0.00528,6.315437,21.033128,Concept,Y,
扰动速度,34,0.0,6.164154,21.016415,Parameter,Y,
高度速度,35,0.0,0.0,21.0,Performance,Y,高度-速度
机翼后掠角,34,0.0,5.885223,20.988522,Parameter,Y,
网络,33,0.012506,11.781769,20.981929,Concept,Y,
步长,34,0.004902,5.734947,20.974965,Parameter,Y,
装备,34,0.004592,5.521189,20.953496,Concept,Y,
铅垂,33,0.001749,11.364377,20.936962,Concept,Y,铅垂方向
流动量,34,0.008292,4.272604,20.829748,Parameter,Y,
超声,33,0.004382,10.220621,20.823377,Concept,Y,
开关,34,0.005731,4.001435,20.801863,Structure,Y,
热导率,33,0.004889,9.802055,20.781672,Parameter,Y,
涡轮,33,0.00908,9.4494,20.747664,Structure,Y,
正常工作,33,0.0,9.164359,20.716436,Concept,Y,
同步轨道,33,0.0,8.993362,20.699336,Mission,Y,
超声速喷气式,33,0.0,8.442301,20.64423,Aircraft,Y,
低成本,33,0.004734,8.01307,20.602727,Performance,Y,
前缘襟翼,33,0.0,7.898975,20.589898,Structure,Y,
型机,34,0.007026,1.736157,20.575724,Aircraft,Y,型号
伸缩机翼,33,0.0,7.723889,20.572389,Mechanism,Y,
弹翼,34,0.003521,1.609725,20.562029,Structure,Y,
重构,34,0.011945,1.327912,20.536375,Mechanism,Y,
关系曲线,33,0.0,7.352246,20.535225,Concept,Y,
过载系数,33,0.0,6.956401,20.49564,Parameter,Y,
大气阻力,33,0.0,6.769293,20.476929,Performance,Y,
响应分析,33,0.003565,6.562052,20.457275,ControlMethod,Y,
旋转运动,33,0.0,6.464197,20.44642,Concept,Y,
利用率,33,0.010817,6.080702,20.411315,Performance,Y,
飞机部件气动,34,0.0,0.0,20.4,Performance,Y,
飞行器材料,34,0.0,-1.598574,20.4,Mission,Y,
滑翔机,33,0.004776,5.777058,20.379139,Aircraft,Y,
准确性,33,0.005361,5.471863,20.348795,Performance,Y,
之间夹角,33,0.0,5.397853,20.339785,Parameter,Y,夹角
随机数,33,0.004087,5.307193,20.331945,Concept,Y,
点火,33,0.002972,4.438813,20.244773,Concept,Y,
自主,33,0.016791,4.364151,20.241452,Concept,Y,
运动特性,33,0.0,4.372153,20.237215,Performance,Y,
起降翼展,32,0.0,9.673739,20.167374,Parameter,Y,
曲面,33,0.004305,3.475256,20.148817,Concept,Y,
蜂窝夹层,32,0.0,9.427988,20.142799,Structure,Y,
红外,32,0.003113,9.174211,20.118355,Concept,Y,
形状记忆,32,0.006916,8.874951,20.08957,Concept,Y,形状记忆材料
仿生学,32,0.007712,8.597833,20.062097,Concept,Y,
展开构型,32,0.0,8.559412,20.055941,Mechanism,Y,
受力平衡,32,0.0,8.554297,20.05543,Concept,Y,
减速板,32,0.005497,8.336885,20.035338,Structure,Y,
螺纹,32,0.003676,8.268899,20.027993,Structure,Y,
复合材料低温,32,0.0,8.113744,20.011374,Performance,Y,复合材料低温性能
试验次数,32,0.0,7.976365,19.997637,Parameter,Y,
有限元法,32,0.003915,7.81664,19.982838,ControlMethod,Y,
双缝,32,0.006613,7.64017,19.966001,Concept,Y,
机载,33,0.005311,1.376923,19.939286,Mission,Y,
基准运动,32,0.0,7.314195,19.931419,Concept,Y,
密封舱,32,0.003873,7.199901,19.921152,Structure,Y,
机翼低速,32,0.0,6.483395,19.848339,Performance,Y,机翼低速气动
特征值,32,0.002578,6.388025,19.839576,Parameter,Y,
延迟,31,0.003515,12.185724,19.819627,Parameter,Y,时延
铰接,32,0.005417,6.150762,19.816701,Mechanism,Y,
飞机手册,32,0.0,6.142111,19.814211,Document,Y,
固定机翼活动机翼,33,0.0,0.0,19.8,Mechanism,Y,固定机翼-活动机翼构型
坐标系速度,33,0.0,0.0,19.8,Parameter,Y,
轨道运行,32,0.0,5.971197,19.79712,Mission,Y,
航天器结构设计,32,0.0,5.890533,19.789053,Structure,Y,
密封材料,32,0.004004,5.755584,19.77676,Concept,Y,
主要部件,32,0.0,5.646386,19.764639,Concept,Y,
角度变化,32,0.0,5.401482,19.740148,Parameter,Y,
平移,32,0.002839,5.299489,19.730801,Concept,Y,平移运动
喷流干扰,31,0.0,11.243222,19.724322,Concept,Y,
飞机重量,32,0.0,4.947644,19.694764,Parameter,Y,
无尾布局,31,0.0,10.804626,19.680463,Aircraft,Y,
气动力系数,32,0.0,4.768389,19.676839,Parameter,Y,
新型航天飞机,32,0.0,4.64601,19.664601,Aircraft,Y,
轨道参数,32,0.0,4.501829,19.650183,Parameter,Y,
普朗特,31,0.006635,9.61816,19.563807,Concept,Y,普朗特（混合长度模型/普朗特模型）
激光,31,0.004981,9.411835,19.542678,Concept,Y,
热传导,31,0.004469,9.275758,19.528916,Concept,Y,
力矩作用,32,0.0,3.131194,19.513119,Concept,Y,力矩
隔框,31,0.004112,9.097128,19.510946,Structure,Y,
太阳辐射,31,0.002339,8.793571,19.480059,Concept,Y,
连接器,32,0.003483,2.751274,19.476172,Structure,Y,
航天飞机飞行,32,0.0,2.708934,19.470893,Mission,Y,
舰载,31,0.007556,8.56064,19.458331,Concept,Y,
非定常效应,31,0.0,8.421585,19.442158,Concept,Y,
涡流发生器,31,0.0,8.180741,19.418074,Mechanism,Y,
欧拉角,31,0.002374,8.061126,19.406825,Parameter,Y,
坐标系原点,31,0.0,8.025648,19.402565,Parameter,Y,
防护系统,31,0.005061,7.209698,19.322488,Concept,Y,
仰角,31,0.002434,7.207461,19.321476,Parameter,Y,
行程,32,0.003261,0.574669,19.258445,Parameter,Y,
驾驶仪,30,0.001787,12.019685,19.202505,Concept,Y,
不同位置双翼,32,0.0,0.0,19.2,Concept,Y,
之间角度,32,0.0,0.0,19.2,Parameter,Y,夹角
变体过程飞机,32,0.0,0.0,19.2,Aircraft,Y,
处于不同位置双翼,32,0.0,0.0,19.2,Mechanism,Y,可变位置双翼
操稳,31,0.014431,5.599301,19.164259,Concept,Y,操纵稳定性（操稳）
力矩导数,31,0.0,5.62168,19.162168,Parameter,Y,
任务要求,31,0.0,5.448641,19.144864,Mission,Y,
飞行器建模,31,0.0,5.424276,19.142428,Mission,Y,
切线,31,0.002707,5.219264,19.122738,Concept,Y,
展弦比飞行器,31,0.0,5.047834,19.104783,Aircraft,Y,展弦比飞行器（高/低展弦比飞行器）
连接强度,31,0.0,5.0474,19.10474,Performance,Y,
过程非定常,31,0.0,4.719,19.0719,Concept,Y,
适用性,31,0.003924,4.647518,19.065929,Performance,Y,
演示验证,30,0.0,10.654255,19.065426,Mission,Y,
应力强度,31,0.0,4.350114,19.035011,Parameter,Y,
昆虫翅膀,30,0.0,10.30598,19.030598,Concept,Y,
热解,31,0.003355,4.147209,19.015727,Concept,Y,
运动过程,31,0.0,4.139921,19.013992,Mission,Y,
时域,31,0.013578,4.077201,19.011794,Concept,Y,
差分,31,0.004956,3.999272,19.001414,Concept,Y,
复杂性,31,0.003521,3.896239,18.99068,Concept,Y,
两点,31,0.003309,3.868393,18.987832,Parameter,Y,
跨域,30,0.106293,9.037524,18.93564,Mission,Y,
线化理论,30,0.0,9.161987,18.916199,Concept,Y,
机翼飞行器,31,0.0,2.014569,18.801457,Structure,Y,
背风面,30,0.006235,7.912662,18.793137,Concept,Y,
变体飞行器总体设计,30,0.0,7.910211,18.791021,Mission,Y,
重力加速度,30,0.0,7.905953,18.790595,Parameter,Y,重力加速度 g
双缝襟翼,30,0.0,7.85167,18.785167,Structure,Y,
隔热层,30,0.004051,7.821618,18.783377,Structure,Y,
掠角,30,0.00918,7.795817,18.782336,Parameter,Y,
阻尼力矩,30,0.0,7.748237,18.774824,Performance,Y,
临近空间飞行,30,0.0,7.570857,18.757086,Mission,Y,
复合材料构件,30,0.0,7.498567,18.749857,Structure,Y,
超声速喷气式战斗机,30,0.0,7.49111,18.749111,Aircraft,Y,
机械连接,30,0.0,7.476243,18.747624,Structure,Y,
名义应力,30,0.0,7.4044,18.74044,Performance,Y,
轨道摆动,30,0.0,7.314195,18.731419,Mission,Y,
幅值,30,0.00342,7.032677,18.704294,Parameter,Y,
动态响应,30,0.0,6.771052,18.677105,Performance,Y,
编码,29,0.003403,12.486997,18.649721,Concept,Y,
刚度要求,30,0.0,6.23416,18.623416,Performance,Y,
稳定性操纵性,31,0.0,0.0,18.6,Performance,Y,稳定性与操纵性
热层,30,0.00193,5.977634,18.598342,Concept,Y,
工作状态,30,0.0,5.780069,18.578007,Concept,Y,
外形参数,30,0.0,5.559679,18.555968,Parameter,Y,
飞翼布局,30,0.0,5.4792,18.54792,Concept,Y,
使用环境,30,0.0,5.478977,18.547898,Concept,Y,
密封件,30,0.005197,5.2351,18.525069,Structure,Y,
机体坐标系,30,0.0,5.208176,18.520818,Parameter,Y,
超声速飞机,30,0.0,4.994397,18.49944,Aircraft,Y,
载荷条件,30,0.0,4.860325,18.486033,Performance,Y,
运动状态,30,0.0,4.754313,18.475431,Concept,Y,
重复使用新型航天飞机,30,0.0,4.696322,18.469632,Aircraft,Y,
速度方向,30,0.0,4.648286,18.464829,Parameter,Y,
坐标轴,30,0.002135,4.611375,18.461778,Parameter,Y,
可变机翼,30,0.0,4.553346,18.455335,Structure,Y,
飞行器概念,30,0.0,4.148432,18.414843,Mission,Y,
风险,29,0.003652,10.108474,18.411943,Concept,Y,
有效性,30,0.00701,4.027998,18.404903,Performance,Y,
变形飞行器,30,0.0,3.906686,18.390669,Aircraft,Y,
uav,30,0.019485,3.633927,18.369238,Aircraft,Y,无人机
高性能,30,0.005341,3.555678,18.35717,Performance,Y,
前缘后掠角,29,0.0,9.04005,18.304005,Parameter,Y,
环形,30,0.002961,3.009796,18.301868,Concept,Y,
机翼阻力,30,0.0,2.814544,18.281454,Performance,Y,
玻璃,28,0.003377,14.757736,18.276787,Concept,Y,
平流层,29,0.001882,8.682932,18.268858,Mission,Y,
单向,30,0.003229,2.644977,18.265466,Concept,Y,
抗弯,29,0.005375,8.537746,18.255387,Performance,Y,抗弯能力
时间常数,29,0.003184,8.060722,18.207028,Parameter,Y,
主体,30,0.003071,1.987683,18.19969,Concept,Y,
系统结构,30,0.004044,1.95772,18.196985,Structure,Y,
成分,30,0.002418,1.656834,18.166409,Concept,Y,
双翼布局,29,0.0,7.592836,18.159284,Concept,Y,
机翼平面形状,29,0.0,7.540019,18.154002,Structure,Y,
轨道转移,29,0.0,7.523662,18.152366,Mission,Y,
运输系统,29,0.030578,7.408371,18.150011,Concept,Y,
最大过载,29,0.0,7.355653,18.135565,Performance,Y,
拉杆,29,0.003578,7.250078,18.126081,Structure,Y,
舱壁,29,0.003234,7.083415,18.109312,Structure,Y,
产品数据,29,0.0,6.781761,18.078176,Concept,Y,
第一代,29,0.005075,6.710884,18.072611,Concept,Y,
平动,30,0.00494,0.679837,18.069466,Concept,Y,
交会,29,0.002415,6.661457,18.06687,Mission,Y,
双曲线,29,0.003121,6.615834,18.06252,Concept,Y,
薄板,29,0.003974,6.567904,18.057983,Structure,Y,
飞行器原理,30,0.0,0.374191,18.037419,Mission,Y,
影响因素,29,0.0,6.27017,18.027017,Concept,Y,
连续流,29,0.004643,6.140487,18.015442,Concept,Y,
俯仰运动,29,0.0,6.077443,18.007744,Concept,Y,
反作用,29,0.003511,6.028873,18.003941,Concept,Y,
缺陷损伤,30,0.0,0.0,18.0,Concept,Y,
飞行器应用,30,0.0,-0.046516,18.0,Mission,Y,
工艺过程,29,0.0,5.963186,17.996319,Concept,Y,
冲压,29,0.004568,5.812492,17.98262,Concept,Y,
奇异,28,0.003726,11.813245,17.982442,Concept,Y,奇异性
叶片,28,0.004621,11.426672,17.944053,Structure,Y,
活塞,28,0.003289,11.354907,17.936477,Structure,Y,
参数优化,29,0.0,5.265645,17.926565,ControlMethod,Y,
合理性,29,0.004045,5.094566,17.91067,Performance,Y,
国防工业,28,0.003219,10.950422,17.896008,Concept,Y,
全过程,29,0.003099,4.810195,17.881949,Mission,Y,
耐高温,28,0.002724,10.674773,17.868294,Performance,Y,
重叠,29,0.004623,4.565357,17.857922,Concept,Y,
载荷情况,29,0.0,4.436816,17.843682,Performance,Y,
最大速度,29,0.0,4.221379,17.822138,Parameter,Y,
后期,29,0.003654,4.16522,17.817618,Mission,Y,
高阶,29,0.002325,4.13229,17.813926,Concept,Y,
因素影响,29,0.0,4.100245,17.810024,Concept,Y,
工程设计,29,0.005438,4.070691,17.8087,Concept,Y,
非线性规划,28,0.0,10.010848,17.801085,ControlMethod,Y,
活动机翼固定,29,0.0,3.898907,17.789891,Mechanism,Y,
法则,29,0.003026,3.568186,17.757726,Concept,Y,
取向,29,0.003982,3.494378,17.750632,Parameter,Y,
产生力矩,29,0.0,3.445985,17.744599,Concept,Y,
起点,29,0.001949,3.350531,17.735638,Concept,Y,
飞行阶段,29,0.0,3.343195,17.73432,Mission,Y,
变体动力学,29,0.0,3.322037,17.732204,Aircraft,Y,
变体飞行器原理,29,0.0,3.217282,17.721728,Mission,Y,
行星,29,0.001813,2.955527,17.696097,Concept,Y,
前缘半径,28,0.0,8.819063,17.681906,Parameter,Y,
驾驶,27,0.002391,14.651004,17.665818,Concept,Y,
夹块,28,0.003389,8.537839,17.654801,Structure,Y,
外挂,28,0.004712,8.154014,17.616815,Concept,Y,
通量,29,0.012362,2.081509,17.611859,Parameter,Y,
波阻系数,28,0.0,8.109632,17.610963,Parameter,Y,
全动,29,0.004965,1.930737,17.594563,Concept,Y,
流体力学,28,0.006538,7.891332,17.591095,Concept,Y,
差动,29,0.005049,1.835849,17.5851,Concept,Y,
卸载,28,0.006477,7.608854,17.562829,Concept,Y,
进场着陆,28,0.0,7.51868,17.551868,Mission,Y,
最小阻力,28,0.0,7.493951,17.549395,Performance,Y,
周期扰动,28,0.0,7.314195,17.531419,Concept,Y,
质心转动,28,0.0,7.314195,17.531419,Concept,Y,
位置矢量,28,0.002239,7.05229,17.505901,Parameter,Y,
总体方案,28,0.003126,7.026354,17.503573,Concept,Y,
经济性,28,0.006013,6.86991,17.488795,Performance,Y,
产品制造,28,0.0,6.840244,17.484024,Concept,Y,
共享,27,0.00425,12.764224,17.477697,Concept,Y,
飞行包线,28,0.0,6.384784,17.438478,Mission,Y,
翼型前缘,28,0.0,6.299005,17.429901,Structure,Y,
气流速度,28,0.0,6.164154,17.416415,Parameter,Y,
落点,28,0.003417,6.118125,17.412838,Mission,Y,
飞行器原理验证,29,0.0,0.0,17.4,Mission,Y,
衬套,27,0.002996,11.251248,17.326024,Structure,Y,
滑跑,27,0.004284,11.009624,17.302248,Mission,Y,
整流罩,27,0.002787,10.748884,17.275724,Structure,Y,
强度要求,28,0.0,4.466647,17.246665,Concept,Y,
自动驾驶仪,27,0.0,10.463997,17.2464,ControlMethod,Y,
翼型最大,28,0.0,4.446172,17.244617,Structure,Y,
平面运动,28,0.0,4.111662,17.211166,Concept,Y,
相对地球,28,0.0,4.094351,17.209435,Parameter,Y,相对地球坐标
气动阻力,28,0.0,3.969079,17.196908,Performance,Y,
静力,28,0.002785,3.954114,17.196247,Concept,Y,
信噪比,27,0.006584,9.69207,17.171182,Performance,Y,
飞行弹道,28,0.0,3.466785,17.146679,Mission,Y,
远地点,27,0.002141,9.318999,17.132542,Mission,Y,
星下点,27,0.003357,9.293464,17.130354,Parameter,Y,
失速攻角,27,0.0,9.156456,17.115646,Parameter,Y,
惯性张量,27,0.0,8.600883,17.060088,Parameter,Y,
孔径,27,0.004234,8.29355,17.030625,Parameter,Y,
任务剖面,27,0.0,8.291173,17.029117,Mission,Y,
插值,27,0.002934,8.159175,17.016798,ControlMethod,Y,
零升阻力系数,27,0.0,8.109632,17.010963,Performance,Y,
变体包线,27,0.0,8.107762,17.010776,Performance,Y,
时变极点,27,0.0,7.925611,16.992561,Parameter,Y,
摆动加速度,27,0.0,7.853486,16.985349,Parameter,Y,
倾转机翼,27,0.0,7.795882,16.979588,Structure,Y,
粗糙度,27,0.003593,7.573378,16.958416,Parameter,Y,表面粗糙度
喷气发动机,27,0.0,7.540019,16.954002,Concept,Y,
最大起飞,27,0.0,7.51788,16.951788,Performance,Y,最大起飞质量
临界应力,27,0.0,7.493951,16.949395,Performance,Y,
空间飞行动力学,27,0.0,7.241293,16.924129,Mission,Y,
对称翼型,27,0.0,7.214918,16.921492,Structure,Y,
分离装置,27,0.0,7.029181,16.902918,Mechanism,Y,
展开机构,27,0.0,7.010443,16.901044,Mechanism,Y,
应力水平,27,0.0,6.876357,16.887636,Parameter,Y,
侧缘,27,0.00558,6.621258,16.8638,Structure,Y,
坐标系坐标,28,0.0,0.509485,16.850948,Parameter,Y,
隔板,27,0.003529,6.475866,16.848645,Structure,Y,
拉普拉斯,26,0.001965,12.269484,16.827538,Concept,Y,拉普拉斯变换
材料驱动器,27,0.0,6.260819,16.826082,Mechanism,Y,
变体飞行器原理验证,28,0.0,0.0,16.8,Mission,Y,
变后机翼,28,0.0,0.0,16.8,Structure,Y,
折叠变体飞行器原理,28,0.0,0.0,16.8,Mechanism,Y,
折叠变体飞行器总体设计,28,0.0,0.0,16.8,Mechanism,Y,
偏移,27,0.002123,5.993019,16.799939,Parameter,Y,偏移量
完整性,27,0.003446,5.92562,16.793596,Concept,Y,结构完整性
公差,27,0.004117,5.900758,16.791311,Parameter,Y,
攻角变化,27,0.0,5.714639,16.771464,Parameter,Y,攻角变化量
推杆,27,0.003749,5.609533,16.762078,Structure,Y,
迎角变化,27,0.0,4.923109,16.692311,Parameter,Y,迎角变化量
前舱,27,0.004728,4.836972,16.685115,Structure,Y,
目标线,27,0.001654,4.76188,16.676684,Concept,Y,
飞行控制系统,27,0.0,4.670539,16.667054,ControlMethod,Y,
斜面,27,0.003033,4.294517,16.630362,Structure,Y,
电流,27,0.002075,4.185683,16.619191,Parameter,Y,
验证飞行器,27,0.0,4.158517,16.615852,Aircraft,Y,
相对速度,27,0.001305,4.104923,16.610884,Parameter,Y,
薄翼理论,26,0.0,10.070108,16.607011,Concept,Y,
水平飞行,27,0.0,3.749861,16.574986,Mission,Y,
酚醛,25,0.002994,15.692348,16.570133,Concept,Y,酚醛树脂
临近空间飞行动力学,26,0.0,9.406591,16.540659,Mission,Y,
周期模态,26,0.0,9.259496,16.52595,Concept,Y,
泡沫,25,0.003768,15.223594,16.52349,Concept,Y,泡沫材料
传送,26,0.003356,8.60266,16.461273,Concept,Y,
最大起飞重量,26,0.0,8.600883,16.460088,Performance,Y,
偏量,27,0.001483,2.552447,16.45569,Parameter,Y,
稳定飞行,27,0.0,2.24301,16.424301,Mission,Y,
智能材料驱动器,26,0.0,8.165144,16.416514,Mechanism,Y,
大气飞行,27,0.0,2.162392,16.416239,Mission,Y,
适用范围,26,0.003113,8.137541,16.414688,Concept,Y,
平飞,27,0.004151,2.023453,16.403591,Mission,Y,
可控,27,0.00413,1.912515,16.392491,Performance,Y,可控性
热流密度,26,0.0,7.905953,16.390595,Parameter,Y,
共振,26,0.002113,7.839154,16.384549,Concept,Y,
翼身融合,26,0.0,7.820973,16.382097,Concept,Y,
骨骼,25,0.006816,13.71946,16.373991,Structure,Y,骨架
多项式,26,0.004627,7.650888,16.366477,Parameter,Y,
机械加工,26,0.002874,7.540019,16.354864,Concept,Y,
航天飞机气动布局,26,0.0,7.499113,16.349911,Performance,Y,
迎角增大,26,0.0,7.486488,16.348649,Parameter,Y,
螺栓连接,26,0.0,7.386475,16.338648,Structure,Y,
侧向运动,26,0.0,7.314195,16.331419,Mission,Y,
纵向扰动,26,0.0,7.314195,16.331419,Parameter,Y,
气动力特性,26,0.0,7.191471,16.319147,Performance,Y,
加力,27,0.003469,1.155359,16.316577,Concept,Y,
翼面压强,26,0.0,7.036479,16.303648,Parameter,Y,
制导系统,26,0.001692,6.963761,16.296884,Concept,Y,
受力情况,26,0.0,6.756997,16.2757,Concept,Y,
仿生,26,0.01402,6.657314,16.269937,Concept,Y,
进动,27,0.002196,0.321099,16.232769,Concept,Y,
外形优化,26,0.0,6.255769,16.225577,Concept,Y,
产品装配,26,0.0,6.037965,16.203796,Structure,Y,
变化范围,26,0.0,6.021513,16.202151,Parameter,Y,
低速亚声速,27,0.0,0.0,16.2,Mission,Y,
折叠变体飞机,27,0.0,0.0,16.2,Mechanism,Y,
载荷飞行器,27,0.0,-2.003447,16.2,Aircraft,Y,
航天飞机外形,26,0.0,5.706075,16.170608,Structure,Y,
变体概念,26,0.0,5.579902,16.15799,Aircraft,Y,
系统可靠性,26,0.003147,5.473302,16.148274,Performance,Y,
修理,26,0.003814,5.468701,16.148014,Concept,Y,
高频,26,0.002349,5.407604,16.141465,Parameter,Y,
重复使用航天,26,0.0,5.310713,16.131071,Concept,Y,
质量特性,26,0.0,5.223256,16.122326,Performance,Y,
物质,26,0.002075,5.145688,16.115191,Concept,Y,
入射,26,0.00393,5.054937,16.106673,Concept,Y,
飞行器质心,26,0.0,4.972641,16.097264,Parameter,Y,
样本,26,0.005849,4.923908,16.094145,Concept,Y,
飞行器构件,26,0.0,4.878943,16.087894,Structure,Y,
载荷环境,26,0.0,4.676623,16.067662,Mission,Y,
热应力,26,0.003478,4.622236,16.063267,Parameter,Y,
传热,26,0.002769,4.556804,16.056511,Concept,Y,
低温贮箱,25,0.0,10.485303,16.04853,Structure,Y,
太阳同步,25,0.0,10.455556,16.045556,Mission,Y,
失效概率,25,0.0,10.377622,16.037762,Performance,Y,
尾流,26,0.004518,4.357249,16.03708,Concept,Y,
开普勒,25,0.001435,10.188405,16.019271,Concept,Y,开普勒（定律/方程）
主要参数,26,0.002954,4.067144,16.007601,Parameter,Y,
机翼变形,26,0.0,3.977927,15.997793,Mechanism,Y,
材料工艺,26,0.0,3.682429,15.968243,Concept,Y,材料与工艺
莱特兄弟,24,0.0,15.536476,15.953648,Concept,Y,
液氧,25,0.004672,9.517213,15.953123,Parameter,Y,液氧（LOX）
安全寿命,25,0.0,9.16979,15.916979,Performance,Y,
合板,26,0.005319,3.130308,15.914626,Structure,Y,
动力学发展,26,0.0,3.122836,15.912284,Concept,Y,
飞行方案,26,0.0,3.094868,15.909487,Mission,Y,
相互干扰,25,0.0,9.071168,15.907117,Concept,Y,
带机,26,0.006395,3.023193,15.904238,Concept,Y,
静止轨道,25,0.0,8.914752,15.891475,Mission,Y,地球同步静止轨道
超临界翼型,25,0.0,8.877838,15.887784,Structure,Y,
一维,26,0.003721,2.69966,15.871082,Parameter,Y,
等于零,25,0.001571,8.615611,15.862033,Parameter,Y,等于零（取值为0）
飞行数据,26,0.004634,2.279749,15.829365,Mission,Y,
数目,26,0.002912,2.067762,15.80765,Parameter,Y,数目（数量）
振幅,25,0.00246,8.007803,15.801518,Parameter,Y,
变体飞行器建模,25,0.0,7.919444,15.791944,Mission,Y,
预紧,25,0.002943,7.881146,15.788998,Parameter,Y,预紧（预载/预紧力）
飞行特性,26,0.0,1.865934,15.786593,Performance,Y,
单翼状态,25,0.0,7.782121,15.778212,Mission,Y,
刚体动力学,25,0.0,7.758472,15.775847,Concept,Y,
阻力因数,25,0.0,7.722609,15.772261,Performance,Y,阻力系数
翼型低速,25,0.0,7.70633,15.770633,Structure,Y,低速翼型
灵敏度,25,0.002686,7.642919,15.765098,Performance,Y,
绝热,25,0.007326,7.613394,15.763537,Concept,Y,
垫板,25,0.00489,7.619474,15.763414,Structure,Y,
标量,26,0.0022,1.578942,15.758554,Parameter,Y,
弹性变形,25,0.0,7.492554,15.749255,Mechanism,Y,
侧向扰动,25,0.0,7.314195,15.731419,Concept,Y,
超声速飞行器气动,25,0.0,7.314195,15.731419,Performance,Y,
装配工艺,25,0.0,7.313389,15.731339,Structure,Y,
权重,25,0.025218,7.149598,15.722525,Parameter,Y,权重（加权系数）
纵向稳定性,25,0.0,6.702196,15.67022,Performance,Y,
机翼间距,25,0.0,6.627482,15.662748,Parameter,Y,
扰动力矩,25,0.0,6.491427,15.649143,Parameter,Y,
飞行运动,26,0.0,0.438809,15.643881,Mission,Y,
试验指标,25,0.0,6.387264,15.638726,Performance,Y,
主要特点,25,0.0,6.281889,15.628189,Concept,Y,
变体飞行器概念,25,0.0,6.098439,15.609844,Mission,Y,
学习预测,26,0.0,0.0,15.6,ControlMethod,Y,
昆虫鸟类,26,0.0,0.0,15.6,Concept,Y,昆虫-鸟类仿生（昆虫鸟类）
过程活动机翼,26,0.0,0.0,15.6,Structure,Y,
鸟类蝙蝠翅膀,26,0.0,0.0,15.6,Concept,Y,
航天员,25,0.002975,5.752277,15.57612,Concept,Y,
主要任务,25,0.0,5.54119,15.554119,Mission,Y,
阻力特性,25,0.0,5.199817,15.519982,Performance,Y,
飞行器气动布局,25,0.0,5.186287,15.518629,Performance,Y,
美国空军,24,0.007077,11.114854,15.513608,Concept,Y,
攻角下,25,0.018636,5.060513,15.511642,Parameter,Y,攻角
尾段,25,0.003268,4.986857,15.499666,Structure,Y,
整流,25,0.00566,4.780617,15.47976,Concept,Y,
联接,25,0.003194,4.766166,15.477575,Structure,Y,
筒体,25,0.002412,4.697401,15.470464,Structure,Y,
文档,24,0.003096,10.583458,15.459275,Document,Y,
双翼气动,25,0.0,4.487459,15.448746,Performance,Y,
压差,25,0.003187,4.304763,15.431432,Parameter,Y,
飞行员,25,0.003376,4.270973,15.42811,Mission,Y,
机翼上下,25,0.0,4.272698,15.42727,Structure,Y,机翼上下表面
对称性,25,0.00209,4.121449,15.412772,Concept,Y,
实根,25,0.001532,4.081652,15.408625,Parameter,Y,
机构运动,25,0.0,4.012501,15.40125,Concept,Y,
锁紧,24,0.00392,9.851084,15.386284,Mechanism,Y,锁紧机构
泊松比,24,0.003286,9.633176,15.364303,Parameter,Y,
分布式,25,0.013424,3.554026,15.35943,Concept,Y,
外层,25,0.003772,3.522365,15.353368,Structure,Y,
加强筋,24,0.002593,9.402574,15.341035,Structure,Y,
成形工艺,24,0.0,9.117869,15.311787,Concept,Y,
实现飞行器,25,0.0,3.079651,15.307965,Mission,Y,
成型工艺,24,0.0,9.061285,15.306129,Concept,Y,成形工艺
振动频率,24,0.0,8.890334,15.289033,Parameter,Y,
方案飞行,25,0.0,2.711539,15.271154,Mission,Y,
筋条,24,0.003163,8.66896,15.267845,Structure,Y,
坐标系关系,25,0.0,2.646865,15.264686,Parameter,Y,
阻力影响,25,0.0,2.537142,15.253714,Performance,Y,
亚声速空气,24,0.0,8.388804,15.23888,Parameter,Y,
活动机翼处于,24,0.0,8.357708,15.235771,Structure,Y,活动机翼
海平面,24,0.003006,8.23228,15.22413,Parameter,Y,
变形决策,24,0.0,8.216304,15.22163,ControlMethod,Y,
单位面积,24,0.0,8.130451,15.213045,Parameter,Y,
亚声速空气动力特性,24,0.0,8.106949,15.210695,Performance,Y,
校正,24,0.002808,8.069178,15.20776,ControlMethod,Y,
几何尺寸,24,0.0,7.981478,15.198148,Parameter,Y,
中间层,24,0.00158,7.906079,15.191082,Structure,Y,
后缘襟翼,24,0.0,7.898975,15.189898,Structure,Y,
水平尾翼,24,0.003367,7.837575,15.184767,Structure,Y,
解决方案,24,0.009642,7.712761,15.174169,Concept,Y,
发射筒,24,0.002905,7.628453,15.163717,Structure,Y,
亚声速空气动力,24,0.0,7.546419,15.154642,Performance,Y,亚声速空气动力学
铆接,24,0.003271,7.514805,15.152462,Structure,Y,铆接连接
飞行轨道,25,0.001977,1.414552,15.142048,Mission,Y,飞行轨迹
单位质量,24,0.0,7.338853,15.133885,Parameter,Y,
侧向扰动运动,24,0.0,7.314195,15.131419,Concept,Y,
纵向扰动运动,24,0.0,7.314195,15.131419,Concept,Y,
先进变体,24,0.0,7.228519,15.122852,Aircraft,Y,
航向稳定性,24,0.0,7.125525,15.112553,Performance,Y,
环境因素,24,0.002218,6.87748,15.088413,Concept,Y,
细长,24,0.003763,6.778132,15.078942,Concept,Y,细长（细长体）
螺杆,24,0.002622,6.604845,15.061271,Mechanism,Y,
模块化,24,0.00466,6.550379,15.056436,Concept,Y,模块化设计
宏观,23,0.005577,12.522853,15.053958,Concept,Y,宏观尺度
诱导速度,24,0.0,6.535337,15.053534,Parameter,Y,
掠翼飞机,24,0.0,6.533816,15.053382,Aircraft,Y,
姿态动力学,24,0.0,6.515154,15.051515,Concept,Y,
隔离,24,0.002538,6.438461,15.044608,Concept,Y,隔离设计
喷射,24,0.002004,6.436236,15.044225,Concept,Y,喷射推进
智能变体,24,0.0,6.361029,15.036103,Aircraft,Y,智能变体飞行器
运动轨迹,24,0.0,6.297052,15.029705,Mission,Y,
管理系统,24,0.003847,6.251751,15.026329,Concept,Y,
纳米,23,0.005058,12.234027,15.02492,Concept,Y,纳米尺度
声速翼型,24,0.0,6.111986,15.011199,Structure,Y,
客机,24,0.008604,6.040448,15.006626,Aircraft,Y,
俯仰偏航,25,0.0,0.0,15.0,ControlMethod,Y,俯仰-偏航
变展变体飞行器,25,0.0,0.0,15.0,Mission,Y,
弯矩扭矩,25,0.0,0.0,15.0,Parameter,Y,弯矩-扭矩
