source,relation,target,doc_id,sentence_id,evidence
变体飞行器,uses_method,折叠,2018311055郭廷宇,695,最早期的变体飞行器多采取变后掠翼或折叠翼尖的方式实现。
机翼,affects,飞行,2018311055郭廷宇,701,其在亚声速飞行时机翼向前转
翼尖,has_component,机翼,2018311055郭廷宇,712,采用了大三角翼的设计，其翼尖与主机翼之间以铰链连接，在高速飞行时XB-70
变体飞机,has_component,作动器,2018311055郭廷宇,726,"洛克希德.马丁公司为美军研制了一款Z 字形折叠翼变体飞机[57, 58]，使用电作动器"
变体方案,has_component,机翼,2018311055郭廷宇,734,翼变体方案[59]，通过机翼蒙皮的滑动可以改变机翼的面积和后掠角，进而改变飞
变体方案,has_component,折叠,2018311055郭廷宇,739,批变展长的机翼变体方案，其主要类型有折叠翼、伸缩翼、柔性变体机翼等等。
变体方案,has_component,伸缩,2018311055郭廷宇,739,批变展长的机翼变体方案，其主要类型有折叠翼、伸缩翼、柔性变体机翼等等。
飞机,has_component,固定机翼,2018311055郭廷宇,742,案[60]，如图 1.14 所示，这种飞机分为内侧的固定机翼和外侧的充气机翼两部
飞机,has_component,机翼,2018311055郭廷宇,743,分，通过对外侧机翼的充气和放气，可以调整飞机的机翼面积和翼展。
机翼,uses_method,伸缩,2018311055郭廷宇,754,过桁架的变形可以调整翼肋的间距，从而实现机翼的伸缩，如图 1.16 所示。
变展,has_component,蒙皮,2018311055郭廷宇,757,Ajaj 等人利用泊松比为零的蜂窝结构和弹性蒙皮研发了一种变展长的变体机
飞行器,supports_mission,起降,2018311055郭廷宇,803,比飞行器起降与巡航性能的矛盾，如图 1.24 所示。
飞行器,supports_mission,巡航,2018311055郭廷宇,803,比飞行器起降与巡航性能的矛盾，如图 1.24 所示。
变体方案,has_component,折叠,2018311055郭廷宇,809,图 1.24 2015 年清华大学陈海昕提出的单-双折叠翼变体方案[84]
概念,is_a,变体飞行器,2018311055郭廷宇,811,本文以一种新概念的单-双折叠翼变体飞行器为研究目标。
气动力驱动,has_component,折叠,2018311055郭廷宇,815,用边界，发展完善了气动力驱动的单-双折叠翼变体的新概念。
变体飞行器,has_component,折叠,2018311055郭廷宇,817,究：第一部分是单-双折叠翼变体飞行器的设计方法研究，包括单-双折叠翼变
折叠,has_component,飞行器,2018311055郭廷宇,818,体飞行器的气动特性研究，单-双折叠翼变体的动力学与控制研究，单-双折叠
变体飞行器,has_component,机构,2018311055郭廷宇,819,翼变体飞行器的结构机构设计研究，并总结上述研究成果，形成了单-双折叠
变体飞行器,has_component,折叠,2018311055郭廷宇,819,翼变体飞行器的结构机构设计研究，并总结上述研究成果，形成了单-双折叠
展弦比,affects,诱导阻力,2018311055郭廷宇,81,说，增大机翼的展弦比，是降低诱导阻力，提高巡航升阻比的最有效手段。
折叠,has_component,变体飞行器,2018311055郭廷宇,88,为此，本文发展和完善了一种单-双折叠翼变体飞行器的新概念。
变展,is_a,变体飞行器,2018311055郭廷宇,91,需要付出的各方面代价，在多个方面优于现有的变展长变体飞行器。
气动力驱动变体,has_component,副翼,2018311055郭廷宇,96,在双翼构型下的气动特性、变体过程中的气动特性以及气动力驱动变体的副翼特
折叠,has_component,变体飞行器,2018311055郭廷宇,97,性，总结形成了单-双折叠翼变体飞行器的气动设计规律和设计准则；
变体机构,has_component,折叠,2018311055郭廷宇,103,球鹰”无人机为原准机，开展了变体机构的强度刚度设计，形成了单-双折叠翼变
折叠,applies_to,变体飞行器,2018311055郭廷宇,108,展了适用于单-双折叠翼变体飞行器的飞机总体参数拟定方法和平面形状设计方
折叠,has_component,变体飞行器,2018311055郭廷宇,114,成的单-双折叠翼变体飞行器设计方法。
aircraft,has_component,wing,2018311055郭廷宇,129,make the aircraft have different wingspan and aerodynamic shapes in the two flight
aircraft,has_mechanism,morphing,2018311055郭廷宇,131,"aspect-ratio aircraft. However, the existing variable-span morphing technology often"
morphing,applies_to,aircraft,2018311055郭廷宇,135,"biplane morphing aircraft. This morphing aircraft uses aerodynamics to drive morphing,"
aircraft,has_component,wing,2018311055郭廷宇,137,aircraft in many aspects while obtaining the variable-wingspan capability of 50%. Based
morphing,has_component,aircraft,2018311055郭廷宇,139,and structural mechanism design of the monoplane-biplane morphing aircraft were
wing,has_component,morphing,2018311055郭廷宇,150,force characteristics of the wing and morphing mechanism during the morphing process
morphing,applies_to,aircraft,2018311055郭廷宇,161,method applicable to the monoplane-biplane morphing aircraft were developed. The
morphing,is_a,aircraft,2018311055郭廷宇,168,monoplane-biplane morphing aircraft formed in this dissertation was also
变展,has_component,变体飞行器,2018311055郭廷宇,190,1.3 变展长变体飞行器的发展现状 .............................................................. 6
变展,has_component,变体飞行器,2018311055郭廷宇,192,第 2 章 大展弦比变展长变体飞行器设计规律研究 ................................... 16
变展,has_component,变体飞行器,2018311055郭廷宇,195,2.3 变展长变体飞行器的设计准则和收益分析 .......................................... 18
折叠,has_component,变体飞行器,2018311055郭廷宇,212,单-双折叠翼变体飞行器的气动特性研究 .................................. 34
气动力驱动变体,has_component,副翼,2018311055郭廷宇,223,4.4 气动力驱动变体的副翼特性研究 ........................................................ 70
折叠,has_component,变体飞行器,2018311055郭廷宇,225,第 5 章 单-双折叠翼变体飞行器的动力学和控制研究 .............................. 77
折叠,has_component,变体飞行器,2018311055郭廷宇,232,第 6 章 单-双折叠翼变体飞行器的结构机构设计研究 .............................. 87
变体飞行器,has_component,机构,2018311055郭廷宇,232,第 6 章 单-双折叠翼变体飞行器的结构机构设计研究 .............................. 87
变体飞行器,has_component,变体机构,2018311055郭廷宇,235,6.3 单-双折叠翼变体飞行器的变体机构设计 ............................................ 94
变体飞行器,has_parameter,参数,2018311055郭廷宇,245,7.2.2 单-双折叠翼变体飞行器的总体参数拟定 ................................... 104
变体飞行器,has_component,折叠,2018311055郭廷宇,246,7.3 单-双折叠翼变体飞行器的几何外形设计研究 ................................... 106
变体飞行器,has_component,几何外形,2018311055郭廷宇,246,7.3 单-双折叠翼变体飞行器的几何外形设计研究 ................................... 106
变体飞行器,has_component,几何外形,2018311055郭廷宇,248,7.3.2 单-双折叠翼变体飞行器的几何外形设计 ................................... 107
变体飞行器,has_component,舵面,2018311055郭廷宇,249,7.3.3 单-双折叠翼变体飞行器的气动舵面设计 ................................... 111
折叠,has_component,变体飞行器,2018311055郭廷宇,250,7.4 单-双折叠翼变体飞行器的收益代价研究 .......................................... 115
变体飞行器,has_component,折叠,2018311055郭廷宇,251,7.4.1 单-双折叠翼变体飞行器的代价估算方法 ................................... 115
折叠,has_component,变体飞行器,2018311055郭廷宇,255,单-双折叠翼变体飞行器的原理验证研究 ................................ 122
展弦比飞行器,has_parameter,翼展,2018311055郭廷宇,279,图 1.5 不同年代的大展弦比飞行器的翼展 .................................................... 4
折叠,has_component,飞行器,2018311055郭廷宇,286,图 1.12 洛克希德.马丁公司的两款折叠翼飞行器 .......................................... 8
机翼,has_component,变体方案,2018311055郭廷宇,287,图 1.13 NextGen Aeronautics 公司滑动蒙皮的机翼变体方案 ........................ 8
蒙皮,has_component,机翼,2018311055郭廷宇,287,图 1.13 NextGen Aeronautics 公司滑动蒙皮的机翼变体方案 ........................ 8
伸缩,has_component,变体方案,2018311055郭廷宇,288,图 1.14 Kheong 等人研发的充气伸缩式机翼变体方案 .................................. 9
伸缩,has_component,变体方案,2018311055郭廷宇,289,图 1.15 Mestrinho 等人提出的硬壳式伸缩翼变体方案 .................................. 9
变展,has_component,机翼,2018311055郭廷宇,290,图 1.16 Lesieutre 等人设计的使用柔性桁架改变展长的变体机翼 ............... 10
变展,has_component,机翼,2018311055郭廷宇,291,图 1.17 Ajaj 等人研发的基于0 泊松比的蜂窝结构和弹性蒙皮的变展长机翼
蒙皮,has_component,机翼,2018311055郭廷宇,291,图 1.17 Ajaj 等人研发的基于0 泊松比的蜂窝结构和弹性蒙皮的变展长机翼
折叠,has_component,翼尖,2018311055郭廷宇,294,图 1.19 波音777-X 上所使用的折叠翼尖 ................................................... 11
伸缩,has_component,机翼,2018311055郭廷宇,295,图 1.20 王礼佳等人研发的多级伸缩式的伸缩机翼 ..................................... 11
伸缩,has_component,机翼,2018311055郭廷宇,296,图 1.21 李智等人提出的使用菱形结构进行驱动的伸缩机翼方案 ................ 12
蒙皮,has_component,机翼,2018311055郭廷宇,297,图 1.22 张祖豪提出的具有连续蒙皮的伸缩机翼方案 .................................. 12
伸缩,has_component,机翼,2018311055郭廷宇,297,图 1.22 张祖豪提出的具有连续蒙皮的伸缩机翼方案 .................................. 12
折叠,has_component,变体方案,2018311055郭廷宇,299,图 1.24 2015 年清华大学陈海昕提出的单-双折叠翼变体方案 ..................... 13
展弦比,affects,阻力系数,2018311055郭廷宇,304,图 2.4 “全球鹰”的巡航阻力系数和升阻比随展弦比变化的情况 .............. 20
展弦比,affects,重量,2018311055郭廷宇,307,图 2.5 “全球鹰”的重量随展弦比变化的情况 ........................................... 20
展弦比,affects,航程,2018311055郭廷宇,308,图 2.6 “全球鹰”的航程随展弦比变化的情况 ........................................... 20
起降翼展,affects,航程,2018311055郭廷宇,310,航程随起降翼展的变化情况 ............................................................ 21
起降翼展,affects,航程,2018311055郭廷宇,312,航程随起降翼展的变化情况 ............................................................ 22
连杆,has_component,固定机翼,2018311055郭廷宇,316,图 3.4 固定机翼与活动机翼之间的连杆为两个或多个时的情况 .................. 28
连杆,has_component,活动机翼,2018311055郭廷宇,316,图 3.4 固定机翼与活动机翼之间的连杆为两个或多个时的情况 .................. 28
变体飞机,has_component,折叠,2018311055郭廷宇,317,图 3.5 单-双折叠翼变体飞机的典型飞行剖面 ............................................. 29
副翼偏转,affects,压力分布,2018311055郭廷宇,318,图 3.6 当副翼偏转时，压力分布变化使副翼铰链处产生相反的力矩 ........... 31
作动器,has_component,驱动变体,2018311055郭廷宇,319,图 3.7 作动器直接驱动变体时所需要的驱动力矩 ....................................... 31
气动力驱动变体,has_component,飞机,2018311055郭廷宇,320,图 3.8 四种不同飞机上应用气动力驱动变体和作动器直接驱动变体所需的力
作动器,has_component,飞机,2018311055郭廷宇,320,图 3.8 四种不同飞机上应用气动力驱动变体和作动器直接驱动变体所需的力
翼型,has_parameter,参数,2018311055郭廷宇,324,图 4.3 二维翼型的三个主要参数 ................................................................ 37
机翼,has_parameter,零升攻角,2018311055郭廷宇,326,图 4.5 上下机翼处于不同位置时机翼的零升攻角 ....................................... 39
机翼,has_parameter,最大升力系数,2018311055郭廷宇,329,图 4.8 上下机翼处于不同位置时机翼的最大升力系数 ................................ 42
机翼,has_parameter,失速攻角,2018311055郭廷宇,330,图 4.9 上下机翼处于不同位置时机翼的失速攻角 ....................................... 43
展弦比,affects,双翼升力,2018311055郭廷宇,370,图 4.31 不同展弦比的双翼升力和阻力对比 ................................................ 57
展弦比,affects,阻力,2018311055郭廷宇,370,图 4.31 不同展弦比的双翼升力和阻力对比 ................................................ 57
翼展,affects,双翼升力,2018311055郭廷宇,372,图 4.33 不同翼展比的双翼升力和阻力对比 ................................................ 58
翼展,affects,阻力,2018311055郭廷宇,372,图 4.33 不同翼展比的双翼升力和阻力对比 ................................................ 58
翼展,affects,压力分布,2018311055郭廷宇,373,图 4.34 不同翼展比双翼的压力分布 ........................................................... 58
攻角,affects,升力,2018311055郭廷宇,383,图 4.42 2 度攻角（左）和6 度攻角（右）下变体过程中全机的升力变化情况
攻角,affects,阻力,2018311055郭廷宇,385,图 4.43 2 度攻角（左）和6 度攻角（右）下变体过程中全机的阻力变化情况
飞机,has_parameter,压力分布,2018311055郭廷宇,387,图 4.44 2 度攻角下变体过程中飞机的压力分布变化情况 ............................ 65
飞机,has_parameter,压力分布,2018311055郭廷宇,388,图 4.45 6 度攻角下变体过程中飞机的压力分布变化情况 ............................ 65
飞机,has_parameter,升力,2018311055郭廷宇,389,图 4.46 2 度攻角（左）和6 度攻角（右）下变体过程中飞机的弦向升力中心
活动机翼,has_parameter,升力,2018311055郭廷宇,392,图 4.48 变体过程中活动机翼的展向升力中心变化情况 .............................. 67
副翼偏转,affects,机翼升力,2018311055郭廷宇,401,图 4.55 副翼偏转时机翼升力的变化情况 .................................................... 72
副翼偏转,affects,阻力,2018311055郭廷宇,402,图 4.56 副翼偏转时机翼阻力的变化情况 .................................................... 72
攻角,affects,俯仰力矩,2018311055郭廷宇,403,图 4.57 不同副翼面积的机翼在不同攻角下副翼偏转时俯仰力矩变化情况.. 73
折叠,has_component,舵面,2018311055郭廷宇,414,图 5.7 以RQ-4A 为设计基准的单-双折叠翼变体飞行器的舵面分布 ........... 85
变体飞行器,has_component,舵面,2018311055郭廷宇,414,图 5.7 以RQ-4A 为设计基准的单-双折叠翼变体飞行器的舵面分布 ........... 85
弯矩,affects,角度,2018311055郭廷宇,424,图 6.10 连杆上最大弯矩随公转角度的变化曲线 ......................................... 95
连杆,has_component,几何外形,2018311055郭廷宇,426,图 6.12 连杆的几何外形和设计参数 ........................................................... 96
连杆,has_parameter,参数,2018311055郭廷宇,426,图 6.12 连杆的几何外形和设计参数 ........................................................... 96
距离,affects,斜率,2018311055郭廷宇,1548,的距离越大，双翼的升力线斜率越高，当上翼位于下翼正前方，且距离较近
机翼,has_parameter,升力,2018311055郭廷宇,1553,弦长左右位置，上下翼间距1 倍弦长以内时，上机翼的升力线斜率将大幅度提
机翼,has_parameter,斜率,2018311055郭廷宇,1553,弦长左右位置，上下翼间距1 倍弦长以内时，上机翼的升力线斜率将大幅度提
机翼,has_parameter,升力,2018311055郭廷宇,1554,高，同时下机翼的升力线斜率将大幅度降低；
机翼,has_parameter,斜率,2018311055郭廷宇,1554,高，同时下机翼的升力线斜率将大幅度降低；
机翼,has_parameter,升力,2018311055郭廷宇,1556,长左右位置，上下翼间距1 倍弦长以内时，下机翼的升力线斜率将大幅度提
机翼,has_parameter,斜率,2018311055郭廷宇,1556,长左右位置，上下翼间距1 倍弦长以内时，下机翼的升力线斜率将大幅度提
机翼,has_parameter,升力,2018311055郭廷宇,1564,表面的低压区相互削弱，从而降低了机翼整体的升力线斜率，这种相互影响随
机翼,has_parameter,斜率,2018311055郭廷宇,1564,表面的低压区相互削弱，从而降低了机翼整体的升力线斜率，这种相互影响随
机翼,affects,损失,2018311055郭廷宇,1565,着上机翼和下机翼距离的减小而增强，即上机翼和下机翼的距离越近，损失的
偏转,affects,攻角,2018311055郭廷宇,1568,上机翼后会向下偏转，使下机翼的实际攻角降低，进而使下机翼的升力线斜率
偏转,affects,斜率,2018311055郭廷宇,1568,上机翼后会向下偏转，使下机翼的实际攻角降低，进而使下机翼的升力线斜率
机翼,has_parameter,攻角,2018311055郭廷宇,1568,上机翼后会向下偏转，使下机翼的实际攻角降低，进而使下机翼的升力线斜率
机翼,has_parameter,升力,2018311055郭廷宇,1568,上机翼后会向下偏转，使下机翼的实际攻角降低，进而使下机翼的升力线斜率
机翼,has_parameter,斜率,2018311055郭廷宇,1568,上机翼后会向下偏转，使下机翼的实际攻角降低，进而使下机翼的升力线斜率
机翼,has_parameter,攻角,2018311055郭廷宇,1569,降低，零升攻角滞后，而上机翼的实际攻角则会增加，升力线斜率升高，零升
机翼,has_parameter,升力,2018311055郭廷宇,1569,降低，零升攻角滞后，而上机翼的实际攻角则会增加，升力线斜率升高，零升
机翼,has_parameter,斜率,2018311055郭廷宇,1569,降低，零升攻角滞后，而上机翼的实际攻角则会增加，升力线斜率升高，零升
零升攻角,affects,斜率,2018311055郭廷宇,1569,降低，零升攻角滞后，而上机翼的实际攻角则会增加，升力线斜率升高，零升
机翼,has_parameter,距离,2018311055郭廷宇,1580,当上机翼与下机翼的前后距离为-0.5 到1.5 倍弦长之间，上下间距在1 倍弦长
机翼,has_parameter,间距,2018311055郭廷宇,1580,当上机翼与下机翼的前后距离为-0.5 到1.5 倍弦长之间，上下间距在1 倍弦长
机翼,affects,最大升力系数,2018311055郭廷宇,1581,以内时，机翼有较大的最大升力系数损失；
位置,affects,失速攻角,2018311055郭廷宇,1583,右位置，上下机翼间距在1 倍弦长左右时，机翼的失速攻角有小幅度提高，其
机翼,has_parameter,失速攻角,2018311055郭廷宇,1583,右位置，上下机翼间距在1 倍弦长左右时，机翼的失速攻角有小幅度提高，其
位置,affects,失速攻角,2018311055郭廷宇,1584,余位置时机翼的失速攻角基本不变。
机翼,has_parameter,失速攻角,2018311055郭廷宇,1584,余位置时机翼的失速攻角基本不变。
机翼,affects,最大升力系数,2018311055郭廷宇,1586,在前时，上机翼和下机翼的最大升力系数均大幅提高，但由于上机翼和下机翼
距离,affects,失速,2018311055郭廷宇,1611,后距离较长时，机翼的失速将会有小幅度推迟。
位置,affects,最大升力系数,2018311055郭廷宇,1614,失，当上机翼处于下机翼斜前方时，损失的最大升力系数较少，在其余位置，
机翼,affects,损失,2018311055郭廷宇,1614,失，当上机翼处于下机翼斜前方时，损失的最大升力系数较少，在其余位置，
机翼,has_parameter,失速攻角,2018311055郭廷宇,1616,除最大升力系数外，也还需要关注机翼的失速攻角，当上机翼在下机翼前
机翼,has_parameter,失速攻角,2018311055郭廷宇,1617,方时，上下机翼的失速攻角相差很大，失速的同步性很差，当上机翼在下机翼
机翼间距,affects,斜率,2018311055郭廷宇,1716,线斜率随着上机翼和下机翼间距的增加而增加。
飞机,has_parameter,最大升力系数,2018311055郭廷宇,1743,3）上下机翼间的相互干扰会使飞机损失一定的最大升力系数，且损失的
间距,affects,升力系数,2018311055郭廷宇,1744,升力系数随上下翼间距的增加而减少。
间距,affects,升力系数,2018311055郭廷宇,1761,2）当上下机翼的间距过近时，双翼之间的气动干扰会使双翼的升力系数
位置,affects,气动特性,2018311055郭廷宇,1774,1）上下机翼的相对位置对于机翼展向气动特性的影响
翼型,has_parameter,零升攻角,2018311055郭廷宇,1775,对于二维翼型来说，通过零升攻角、升力线斜率和最大升力系数三个主要
翼型,has_parameter,斜率,2018311055郭廷宇,1775,对于二维翼型来说，通过零升攻角、升力线斜率和最大升力系数三个主要
翼型,has_parameter,最大升力系数,2018311055郭廷宇,1775,对于二维翼型来说，通过零升攻角、升力线斜率和最大升力系数三个主要
飞机,has_parameter,升力系数,2018311055郭廷宇,1780,流动将降低飞机的升力系数，并产生诱导阻力。
升力系数,affects,诱导阻力,2018311055郭廷宇,1780,流动将降低飞机的升力系数，并产生诱导阻力。
飞机,has_parameter,诱导阻力,2018311055郭廷宇,1781,飞机的诱导阻力系数
飞机,has_parameter,诱导阻力,2018311055郭廷宇,1792,可以看出，飞机的诱导阻力系数主要取决于展弦比和奥斯瓦尔德因子，其
展弦比,affects,诱导阻力,2018311055郭廷宇,1792,可以看出，飞机的诱导阻力系数主要取决于展弦比和奥斯瓦尔德因子，其
机翼,has_parameter,间距,2018311055郭廷宇,1816,的前后间距在-1 到1 倍机翼弦长之间，上下间距在0.5 到1.5 倍机翼弦长之
升力,affects,诱导阻力,2018311055郭廷宇,1843,翼的升力分布更接近于椭圆形，从而提高奥斯瓦尔德因子，减小诱导阻力。
连杆,has_component,机翼升力,2018311055郭廷宇,1195,控制的难度降低，但连杆需要传递机翼升力带来的弯矩。
折叠,affects,翼展,2018311055郭廷宇,1202,行器的基础上，通过折叠缩减翼展，使飞行器在巡航性能不变的情况下，降低
折叠,applies_to,飞行器,2018311055郭廷宇,1202,行器的基础上，通过折叠缩减翼展，使飞行器在巡航性能不变的情况下，降低
飞机,supports_mission,巡航,2018311055郭廷宇,1206,面，则可以在起降翼展不变的情况下，进一步增大飞机的巡航翼展，以拓宽飞
飞机,supports_mission,飞行,2018311055郭廷宇,1208,在正常飞行过程中，飞机的活动机翼和固定机翼均提供升力，在变体过程
活动机翼,has_parameter,升力,2018311055郭廷宇,1209,中，通过副翼的偏转，活动机翼的升力与自身的重力基本抵消，需要通过增加固
机翼,has_parameter,升力,2018311055郭廷宇,1210,定机翼的升力来补偿副翼偏转带来的升力损失，以保证飞行的稳定，这需要机翼
副翼偏转,affects,升力,2018311055郭廷宇,1210,定机翼的升力来补偿副翼偏转带来的升力损失，以保证飞行的稳定，这需要机翼
机翼,supports_mission,飞行,2018311055郭廷宇,1210,定机翼的升力来补偿副翼偏转带来的升力损失，以保证飞行的稳定，这需要机翼
副翼,affects,升力,2018311055郭廷宇,1211,的升力和副翼的舵效有足够的冗余，否则可能会导致失速。
飞机,is_a,双翼构型,2018311055郭廷宇,1216,飞机以双翼构型起飞，起飞后速度增加至
飞机,supports_mission,起飞,2018311055郭廷宇,1216,飞机以双翼构型起飞，起飞后速度增加至
偏转,affects,升力,2018311055郭廷宇,1220,偏转就可以完成升力控制，在此工况下完成变体后，飞机进一步爬升至巡航高度
飞机,supports_mission,巡航,2018311055郭廷宇,1220,偏转就可以完成升力控制，在此工况下完成变体后，飞机进一步爬升至巡航高度
飞机,supports_mission,巡航,2018311055郭廷宇,1221,开始长时间巡航，巡航结束后，飞机再次下降高度至相同工况，完成单翼到双翼
变体飞机,has_component,折叠,2018311055郭廷宇,1223,图 3.5 单-双折叠翼变体飞机的典型飞行剖面
变体飞行器,has_parameter,重量,2018311055郭廷宇,1226,变体飞行器在改善了飞行性能的同时，在重量、结构、可靠性等方面也带来
变体飞行器,supports_mission,飞行,2018311055郭廷宇,1226,变体飞行器在改善了飞行性能的同时，在重量、结构、可靠性等方面也带来
变展,applies_to,变体飞行器,2018311055郭廷宇,1227,了诸多代价，变体的代价过大，无法匹配其带来的收益，是变展长变体飞行器发
折叠,has_component,伸缩,2018311055郭廷宇,1230,"的对象包括Z 型折叠翼[57, 58]，充气式伸缩翼[60]，桁架伸缩翼[68]，硬壳式伸缩翼"
折叠,has_component,变展,2018311055郭廷宇,1231,[61]，折叠翼尖，变后掠[51]等多种变展长变体构型。
折叠,has_component,变展,2018311055郭廷宇,1232,单-双折叠翼变体可以缩小机翼的一半展长，不弱于目前所有的主流变展长变
折叠变体,applies_to,飞机,2018311055郭廷宇,1235,力，基本不改变飞机的有效升力面积，相比之下，传统的机翼折叠变体在折叠状
机翼,has_parameter,升力,2018311055郭廷宇,1235,力，基本不改变飞机的有效升力面积，相比之下，传统的机翼折叠变体在折叠状
机翼,has_parameter,面积,2018311055郭廷宇,1235,力，基本不改变飞机的有效升力面积，相比之下，传统的机翼折叠变体在折叠状
飞机,has_parameter,起降翼展,2018311055郭廷宇,1236,态下会大幅损失有效升力面积，虽然缩减了飞机的起降翼展，但也大幅增加了起
折叠,has_parameter,重量,2018311055郭廷宇,1238,在重量、体积和复杂度方面，单-双折叠翼变体使用气
作动器,has_component,机构,2018311055郭廷宇,1240,动力控制变体，无需复杂的驱动机构和作动器，使得变体的机构得以大幅度简
活动机翼,has_parameter,升力,2018311055郭廷宇,1243,单-双折叠翼变体在变体过程中活动机翼的升力和重力大多
活动机翼,has_parameter,重力,2018311055郭廷宇,1243,单-双折叠翼变体在变体过程中活动机翼的升力和重力大多
活动机翼,has_parameter,阻力,2018311055郭廷宇,1244,相互抵消，连接结构只需传递活动机翼的阻力和阻力引起的扭矩，可有效降低对
阻力,affects,扭矩,2018311055郭廷宇,1244,相互抵消，连接结构只需传递活动机翼的阻力和阻力引起的扭矩，可有效降低对
连杆,has_component,铰链,2018311055郭廷宇,1245,连杆和铰链的强度和刚度要求，减轻结构重量，对于机翼容积的侵占也较小；
折叠,affects,气动力,2018311055郭廷宇,1247,气动力的连续性方面，单-双折叠翼变体对机翼蒙皮的破坏较少，同时由于活动机
机翼,has_component,蒙皮,2018311055郭廷宇,1247,气动力的连续性方面，单-双折叠翼变体对机翼蒙皮的破坏较少，同时由于活动机
机翼,affects,安定,2018311055郭廷宇,1248,翼平行变化，机翼的气动中心、压心、重心变化较小，变体对飞机的安定性影响
气动力驱动变体,is_a,折叠,2018311055郭廷宇,1250,在适应性方面，单-双折叠翼变体采用气动力驱动变体，其驱动力主要来自
折叠,applies_to,变体方案,2018311055郭廷宇,1254,表 3.1 单-双折叠翼变体方案与其它变展长变体方案的比较
变体方案,has_component,变展,2018311055郭廷宇,1254,表 3.1 单-双折叠翼变体方案与其它变展长变体方案的比较
折叠,has_component,伸缩,2018311055郭廷宇,1257,折叠翼 折叠翼 伸缩翼 伸缩翼 翼尖 伸缩翼
气动力驱动变体,is_a,驱动变体,2018311055郭廷宇,1274,3.3.2 气动力驱动变体与作动器直接驱动变体的比较
变体飞行器,uses_method,作动器,2018311055郭廷宇,1275,传统的变体飞行器，一般采用作动器直接驱动变体，即由作动器直接产生
作动器,has_parameter,力矩,2018311055郭廷宇,1276,力和力矩驱动变体机构，但是这种驱动方式对作动器的要求较大，尤其是对于
飞机,has_parameter,速度,2018311055郭廷宇,1277,大型飞机而言，随着飞机重量、飞行速度和机翼尺寸的增加，变体所需要的力
飞机,has_component,机翼,2018311055郭廷宇,1277,大型飞机而言，随着飞机重量、飞行速度和机翼尺寸的增加，变体所需要的力
气动力驱动变体,has_component,舵面,2018311055郭廷宇,1280,与传统的变体方式相比，气动力驱动变体是通过驱动副翼或其他气动舵面
偏转,affects,压力分布,2018311055郭廷宇,1284,图 3.6 显示了一个典型的副翼上下偏转时，机翼的压力分布变化。
气动力,affects,力矩,2018311055郭廷宇,1286,向上或向下偏转时，空气动力在副翼铰链处产生相反的力矩，这需要副翼作动
副翼,has_component,铰链,2018311055郭廷宇,1286,向上或向下偏转时，空气动力在副翼铰链处产生相反的力矩，这需要副翼作动
压力分布,affects,力矩,2018311055郭廷宇,1292,图 3.6 当副翼偏转时，压力分布变化使副翼铰链处产生相反的力矩
副翼偏转,affects,压力分布,2018311055郭廷宇,1292,图 3.6 当副翼偏转时，压力分布变化使副翼铰链处产生相反的力矩
活动机翼,has_parameter,升力,2018311055郭廷宇,1314,L 为活动机翼的升力，
连杆,has_component,活动机翼,2018311055郭廷宇,1316,G 为活动机翼的重力，l 为连杆长度，
连杆,affects,重力,2018311055郭廷宇,1316,G 为活动机翼的重力，l 为连杆长度，
驱动变体,has_parameter,力矩,2018311055郭廷宇,1319,机，此时驱动变体所需要的作动器力矩约为
副翼,has_component,铰链,2018311055郭廷宇,1325,需副翼铰链力矩的300 多倍，这充分体现了气动力驱动变体的优势。
铰链,has_parameter,力矩,2018311055郭廷宇,1325,需副翼铰链力矩的300 多倍，这充分体现了气动力驱动变体的优势。
折叠变体,has_component,铰链,2018311055郭廷宇,1335,驱动折叠变体所需要的铰链力矩、作动器直接驱动变体所需要作动器力矩、以
驱动变体,has_component,作动器,2018311055郭廷宇,1335,驱动折叠变体所需要的铰链力矩、作动器直接驱动变体所需要作动器力矩、以
飞机,has_parameter,力矩,2018311055郭廷宇,1338,同尺寸的飞机，均比作动器直接驱动变体所需要的力矩低2.5 个数量级左右。
飞机,has_parameter,尺寸,2018311055郭廷宇,1339,同时，随着飞机尺寸的增加，变体所需的力矩增长速度远高于机翼容积的增长
尺寸,affects,力矩,2018311055郭廷宇,1339,同时，随着飞机尺寸的增加，变体所需的力矩增长速度远高于机翼容积的增长
机翼,has_parameter,尺寸,2018311055郭廷宇,1339,同时，随着飞机尺寸的增加，变体所需的力矩增长速度远高于机翼容积的增长
速度,affects,力矩,2018311055郭廷宇,1339,同时，随着飞机尺寸的增加，变体所需的力矩增长速度远高于机翼容积的增长
驱动变体,has_parameter,力矩,2018311055郭廷宇,1342,图 3.8 四种不同飞机上应用气动力驱动变体和作动器直接驱动变体所需的力矩比较
飞行器,uses_method,使用气动力驱动变体,2018311055郭廷宇,1345,概念，这种新型飞行器使用气动力驱动变体，有效解决了现有变体技术在结构重
偏转,affects,气动,2018311055郭廷宇,1361,模式，通过副翼等气动舵面偏转产生的气动力驱动其在两种模式间进行切换。
飞机,has_component,气动力,2018311055郭廷宇,1364,变体过程中飞机的气动力特性
副翼,has_component,舵面,2018311055郭廷宇,1368,同时，作为气动力驱动变体的飞行器，变体过程中副翼等舵面偏转
副翼偏转,affects,机翼升力,2018311055郭廷宇,1382,性展开了研究，分析了副翼偏转对机翼升力、阻力和力矩特性的影响。
副翼偏转,affects,阻力,2018311055郭廷宇,1382,性展开了研究，分析了副翼偏转对机翼升力、阻力和力矩特性的影响。
副翼偏转,affects,力矩,2018311055郭廷宇,1382,性展开了研究，分析了副翼偏转对机翼升力、阻力和力矩特性的影响。
蒙皮,has_component,机翼,2018311055郭廷宇,1391,和蒙皮多为木材、蒙布等材料，为了提高机翼的强度，同时获得足够大的机翼
飞机,has_parameter,面积,2018311055郭廷宇,1392,面积，飞机多采用上下双翼式的设计。
飞机,is_a,双翼,2018311055郭廷宇,1392,面积，飞机多采用上下双翼式的设计。
布局,is_a,双翼布局,2018311055郭廷宇,1418,连接翼布局在某种形式上可以看做是双翼布局的一种
机翼,has_parameter,间距,2018311055郭廷宇,1435,两个机翼的上下间距（Gap）、两个机翼前缘的前后间距（Stagger），如图
位置,affects,双翼气动,2018311055郭廷宇,1439,在本文中，为了更好的讨论上下机翼的相对位置关系对双翼气动特性的影
折叠,applies_to,变体飞行器,2018311055郭廷宇,1469,第 4 章 单-双折叠翼变体飞行器的气动特性研究
翼型,has_parameter,升力,2018311055郭廷宇,1470,对于一个二维翼型而言，其升力曲线包括三个主要参数：升力线斜率、零
最大升力系数,affects,失速攻角,2018311055郭廷宇,1471,升攻角、最大升力系数和其对应的失速攻角，如图 4.3 所示。
机翼,has_parameter,展弦比,2018311055郭廷宇,1479,比相同的两块机翼，将展弦比定义为：
机翼,has_parameter,面积,2018311055郭廷宇,1490,翼的总面积，c 为上下机翼的平均弦长，b 为翼展。
位置,affects,双翼气动,2018311055郭廷宇,1493,1）上下机翼的位置关系对双翼气动性能的影响
机翼,has_parameter,位置,2018311055郭廷宇,1509,过重叠网格的移动改变上机翼相对于下机翼的位置相对位置x 和y ，其中上机
机翼,has_parameter,间距,2018311055郭廷宇,1510,翼和下机翼的前后间距在-3 到3 倍机翼弦长之间，上下间距在0.25 到3 倍机
位置,affects,零升攻角,2018311055郭廷宇,1517,图 4.5 为上下机翼处于不同相对位置时，双翼整体和上下机翼的零升攻角
位置,affects,零升攻角,2018311055郭廷宇,1522,倍左右弦长位置，上下翼间距在1 倍弦长以内时，双翼整体的零升攻角提前了
翼型,has_parameter,零升攻角,2018311055郭廷宇,1523,1 度左右（NACA2412 翼型的零升攻角在-2 度左右）；
位置,affects,零升攻角,2018311055郭廷宇,1528,位置，上下翼间距1 倍弦长以内时，双翼整体的零升攻角滞后了1 度左右。
折叠,applies_to,变体飞行器,2018311055郭廷宇,1536,第 4 章 单-双折叠翼变体飞行器的气动特性研究
机翼,affects,零升攻角,2018311055郭廷宇,1538,总的来看，上机翼在前时可以提高双翼整体的弯度，降低零升攻角；
双翼升力,affects,阻力,2018311055郭廷宇,1865,2）梢根比对于双翼升力阻力特性的影响
展弦比,affects,双翼升力,2018311055郭廷宇,1884,3）展弦比对于双翼升力阻力特性的影响
展弦比,affects,阻力,2018311055郭廷宇,1884,3）展弦比对于双翼升力阻力特性的影响
展弦比,affects,诱导阻力,2018311055郭廷宇,1895,性的影响是一致的，即增大展弦比会降低诱导阻力，并少量提升飞机的升力。
展弦比,affects,升力,2018311055郭廷宇,1895,性的影响是一致的，即增大展弦比会降低诱导阻力，并少量提升飞机的升力。
变体飞行器,has_mechanism,折叠,2018311055郭廷宇,1898,对于单-双折叠翼变体飞行器来说，在由单翼构型变体为双翼构型后，除
展弦比,affects,升力,2018311055郭廷宇,1899,了因上下机翼的相互干扰损失一部分升力外，还会因为展弦比的降低损失一部
升力,affects,损失,2018311055郭廷宇,1899,了因上下机翼的相互干扰损失一部分升力外，还会因为展弦比的降低损失一部
升力,affects,损失,2018311055郭廷宇,1900,分升力，前者在升力损失中占主要部分，后者在升力损失中占次要部分；
翼展,affects,双翼升力,2018311055郭廷宇,1905,4）上下机翼的翼展比对于双翼升力阻力特性的影响
翼展,affects,阻力,2018311055郭廷宇,1905,4）上下机翼的翼展比对于双翼升力阻力特性的影响
活动机翼,has_parameter,翼展,2018311055郭廷宇,1912,若减小活动机翼翼展，从而使固定机翼的翼
活动机翼,has_parameter,翼展,2018311055郭廷宇,1913,展大于活动机翼，则翼展比小于1。
机翼,has_parameter,位置,2018311055郭廷宇,1914,保持上下机翼的位置关系不变（=0
机翼,has_parameter,升力系数,2018311055郭廷宇,1923,通过计算得到3 组机翼的升力系数和阻力系数曲
机翼,has_parameter,阻力系数,2018311055郭廷宇,1923,通过计算得到3 组机翼的升力系数和阻力系数曲
机翼,has_component,压力分布,2018311055郭廷宇,1924,线，如图 4.33 所示，同时得到三组机翼的压力分布如图 4.34 所示。
翼展,affects,双翼气动,2018311055郭廷宇,1926,结果可以看出，在一定范围内，翼展比的变化对于双翼气动特性的影响同样非
翼展,affects,双翼升力,2018311055郭廷宇,1930,图 4.33 不同翼展比的双翼升力和阻力对比
翼展,affects,阻力,2018311055郭廷宇,1930,图 4.33 不同翼展比的双翼升力和阻力对比
双翼升力,affects,阻力,2018311055郭廷宇,1932,5）上翼上反角对于双翼升力阻力特性的影响
机翼,has_parameter,间距,2018311055郭廷宇,1935,根据前文的分析可知，上机翼和下机翼的间距越大，上下机翼之间的相
机翼,has_parameter,间距,2018311055郭廷宇,1938,机翼之间的间距会受到机身高度的限制。
机身,affects,间距,2018311055郭廷宇,1938,机翼之间的间距会受到机身高度的限制。
机翼,has_parameter,间距,2018311055郭廷宇,1941,下机翼的平均间距，改善飞机的性能。
翼尖,has_parameter,间距,2018311055郭廷宇,1944,距为1 倍弦长的情况下，将翼尖处的上下翼间距增大到1.5 倍弦长，从而构造了
机翼,is_a,双翼,2018311055郭廷宇,1945,一组上机翼带有一定上反角的双翼几何，并进一步计算了其升阻力特性，如图
机翼,has_component,几何,2018311055郭廷宇,1945,一组上机翼带有一定上反角的双翼几何，并进一步计算了其升阻力特性，如图
机翼,affects,最大升力系数,2018311055郭廷宇,1951,上机翼的上反可以小幅度的增加最大升力系数，降低阻力，有助于改善双翼的气
机翼,affects,阻力,2018311055郭廷宇,1951,上机翼的上反可以小幅度的增加最大升力系数，降低阻力，有助于改善双翼的气
折叠,affects,展弦比,2018311055郭廷宇,1967,来自于机翼折叠引起的展弦比变化。
机翼,has_component,几何,2018311055郭廷宇,1976,这一等效性原则适用于上下机翼几何尺寸相差不大，雷诺数处于自准区时
间距,affects,损失,2018311055郭廷宇,1980,来看，双翼的上下翼间距越小，损失的升力越多，奥斯瓦尔德因子越低，气动
间距,affects,气动,2018311055郭廷宇,1980,来看，双翼的上下翼间距越小，损失的升力越多，奥斯瓦尔德因子越低，气动
机翼,affects,升力,2018311055郭廷宇,1982,若上下机翼分别来看，上下机翼中靠前的机翼，其升力增加，上下
机翼,affects,升力,2018311055郭廷宇,1983,机翼中靠后的机翼，其升力减少。
机翼,has_parameter,间距,2018311055郭廷宇,1985,下机翼的间距外，比较难以通过对梢根比、翼展比等气动外形参数的优化来提
飞机,has_parameter,机翼间距,2018311055郭廷宇,1987,对于单-双折叠翼变体飞行器来说，飞机在双翼构型下，上下机翼间距为
连杆,affects,阻力,2018311055郭廷宇,1992,在阻力方面，排除连杆对于阻力的影响，相较于单翼构型，双翼构型的零
阻力,affects,诱导阻力,2018311055郭廷宇,1993,升阻力不变，诱导阻力有大幅度的增加。
机翼,has_parameter,展弦比,2018311055郭廷宇,1996,展弦比平直机翼的设计规律，在单翼构型下采用0.4 左右梢根比的大展弦比梯
连杆,is_a,变体飞行器,2018311055郭廷宇,2000,固定机翼和活动机翼之间的连杆是单-双折叠翼变体飞行器的重要结构，
固定机翼,has_component,活动机翼,2018311055郭廷宇,2000,固定机翼和活动机翼之间的连杆是单-双折叠翼变体飞行器的重要结构，
连杆,has_component,折叠,2018311055郭廷宇,2000,固定机翼和活动机翼之间的连杆是单-双折叠翼变体飞行器的重要结构，
翼型,has_component,形状,2018311055郭廷宇,2006,连杆均整流为厚翼型形状，如图 4.37 所示。
连杆,affects,阻力,2018311055郭廷宇,2017,于不包含连杆的构型有较大幅度提升，这主要是由于连杆的摩擦阻力和连杆引
连杆,affects,诱导阻力,2018311055郭廷宇,2018,起的局部流动分离导致的，同时，含连杆构型的诱导阻力系数相较于不包含连
连杆,affects,机翼升力,2018311055郭廷宇,2020,总的来看，连杆对于机翼升力的影响较小，对于机翼阻力的影响主要来自
连杆,affects,阻力,2018311055郭廷宇,2020,总的来看，连杆对于机翼升力的影响较小，对于机翼阻力的影响主要来自
变体飞行器,has_component,副翼,2018311055郭廷宇,2030,到完整的单-双折叠翼变体飞行器模型比较复杂，包含副翼、连杆等较多结
变体飞行器,has_component,连杆,2018311055郭廷宇,2030,到完整的单-双折叠翼变体飞行器模型比较复杂，包含副翼、连杆等较多结
固定机翼,is_a,活动机翼,2018311055郭廷宇,2035,其中固定机翼和活动机翼均为NACA
固定机翼,has_component,机翼,2018311055郭廷宇,2037,2412 翼型的平直机翼，固定机翼和活动机翼的弦长均为1m，展长均为5m，对应
活动机翼,has_component,机翼,2018311055郭廷宇,2037,2412 翼型的平直机翼，固定机翼和活动机翼的弦长均为1m，展长均为5m，对应
活动机翼,has_parameter,速度,2018311055郭廷宇,2049,双翼状态匀速旋转为单翼状态，其中活动机翼绕固定机翼的公转速度为10°
折叠变体,affects,升力,2018311055郭廷宇,2060,从计算结果可以看出，在由单翼向双翼的折叠变体过程中，升力呈逐步下降趋
升力,affects,阻力,2018311055郭廷宇,2061,势，变体前后的升力变化幅度约为20%，阻力呈上升趋势，阻力变化的幅度
展开,affects,阻力,2018311055郭廷宇,2063,在从双翼到单翼的展开变体过程中，升阻力随公转角度
角度,affects,阻力,2018311055郭廷宇,2063,在从双翼到单翼的展开变体过程中，升阻力随公转角度
机翼,affects,升力,2018311055郭廷宇,2072,动机翼上表面前缘的低压区有减弱的趋势，这也是导致升力下降的主要原因，
压力,affects,气动,2018311055郭廷宇,2080,情况，机翼弦向的压力中心和气动中心的变化情况将影响到变体过程中飞机的
机身,has_parameter,升力,2018311055郭廷宇,2085,机身、活动机翼两部分分别计算其升力中心和气动中心。
活动机翼,has_parameter,升力,2018311055郭廷宇,2085,机身、活动机翼两部分分别计算其升力中心和气动中心。
机翼,has_component,活动机翼,2018311055郭廷宇,2104,翼展长左右位置，在变体过程中，由于机翼间的相互干扰，活动机翼内侧的升
活动机翼,has_component,铰链,2018311055郭廷宇,2107,可能的平衡活动机翼两侧的升力，活动机翼的铰链应尽量布置在上述两个位置
铰链,has_parameter,位置,2018311055郭廷宇,2107,可能的平衡活动机翼两侧的升力，活动机翼的铰链应尽量布置在上述两个位置
折叠变体,affects,气动力,2018311055郭廷宇,2112,从上述计算结果中可以看出，折叠变体和展开变体过程中，飞机的气动力
展开,affects,气动力,2018311055郭廷宇,2112,从上述计算结果中可以看出，折叠变体和展开变体过程中，飞机的气动力
活动机翼,affects,升力,2018311055郭廷宇,2124,流方向的速度分量导致其有效迎角发生变化，进而使活动机翼的升力和阻力发
活动机翼,affects,阻力,2018311055郭廷宇,2124,流方向的速度分量导致其有效迎角发生变化，进而使活动机翼的升力和阻力发
变体飞行器,uses_method,副翼偏转,2018311055郭廷宇,2176,单-双折叠翼变体飞行器使用副翼偏转所产生的气动力驱动变体，副翼的
气动力驱动变体,has_component,副翼,2018311055郭廷宇,2176,单-双折叠翼变体飞行器使用副翼偏转所产生的气动力驱动变体，副翼的
副翼偏转,affects,气动力,2018311055郭廷宇,2179,程中，副翼偏转是否能够提供足够的气动力和气动力矩，直接关系到变体的成
变体飞行器,has_component,气动特性,2018311055郭廷宇,2183,第 4 章 单-双折叠翼变体飞行器的气动特性研究
折叠,has_component,变体飞行器,2018311055郭廷宇,2183,第 4 章 单-双折叠翼变体飞行器的气动特性研究
变形,affects,稳定性,2018311055郭廷宇,2184,构的变形，并对全机的俯仰稳定性等造成不利影响。
变体飞行器,has_component,活动机翼,2018311055郭廷宇,2185,对于单-双折叠翼变体飞行器来说，在正常飞行时，活动机翼和固定机翼
变体飞行器,has_component,固定机翼,2018311055郭廷宇,2185,对于单-双折叠翼变体飞行器来说，在正常飞行时，活动机翼和固定机翼
升力,affects,重力,2018311055郭廷宇,2186,均产生升力，且二者的升力之和等于飞机的重力。
活动机翼,affects,升力,2018311055郭廷宇,2188,需重新分配，活动机翼的升力将卸载一部分，使其升力近似等于自身重力，而
升力,affects,重力,2018311055郭廷宇,2188,需重新分配，活动机翼的升力将卸载一部分，使其升力近似等于自身重力，而
固定机翼,affects,升力,2018311055郭廷宇,2189,固定机翼的升力则需补偿一部分，使其升力等于全机余下部分的重力。
升力,affects,重力,2018311055郭廷宇,2189,固定机翼的升力则需补偿一部分，使其升力等于全机余下部分的重力。
副翼,affects,升力,2018311055郭廷宇,2191,的变体控制中，活动机翼的副翼除了需要卸载升力以外，还需要少量上偏或下
副翼,has_component,机翼,2018311055郭廷宇,2197,副翼弦长，20%副翼弦长，25%副翼弦长建立了三个机翼几何，三个机翼的副
副翼偏转,has_component,几何,2018311055郭廷宇,2202,图 4.54 副翼偏转的几何构型
副翼,affects,升力,2018311055郭廷宇,2203,可以看出，在一定偏转范围内，机翼的升力随副翼偏角的改变而线性变
副翼偏转,affects,失速,2018311055郭廷宇,2207,当副翼偏转角度进一步增大时，则会出现失速的情
副翼,affects,阻力,2018311055郭廷宇,2211,另一方面，副翼偏角过大时，流动分离也会使副翼的阻力
连杆,has_component,弯矩,2018311055郭廷宇,2212,迅速增加，进而使连杆等变体机构承受的弯矩、扭矩等大幅增加，也同样不利
变体机构,has_component,扭矩,2018311055郭廷宇,2212,迅速增加，进而使连杆等变体机构承受的弯矩、扭矩等大幅增加，也同样不利
弯矩,affects,扭矩,2018311055郭廷宇,2212,迅速增加，进而使连杆等变体机构承受的弯矩、扭矩等大幅增加，也同样不利
副翼,applies_to,飞行,2018311055郭廷宇,2214,综上，在单-双折叠翼变体飞行器的副翼设计和飞行控制算法
变体飞行器,has_component,副翼,2018311055郭廷宇,2214,综上，在单-双折叠翼变体飞行器的副翼设计和飞行控制算法
副翼偏转,affects,机翼升力,2018311055郭廷宇,2217,图 4.55 副翼偏转时机翼升力的变化情况
副翼偏转,affects,阻力,2018311055郭廷宇,2218,图 4.56 副翼偏转时机翼阻力的变化情况
折叠,has_component,变体飞行器,2018311055郭廷宇,2219,除此之外，对于单-双折叠翼变体飞行器来说，还需关注变体过程中因副
偏转,affects,俯仰力矩,2018311055郭廷宇,2220,翼偏转所产生的额外俯仰力矩。
副翼偏转,affects,升力,2018311055郭廷宇,2221,当副翼偏转时，机翼的升力大小和升力中心位
机翼,affects,俯仰力矩,2018311055郭廷宇,2222,置均发生改变，进而机翼的俯仰力矩也将发生改变。
副翼偏转,affects,俯仰力矩,2018311055郭廷宇,2224,于副翼面积占机翼总面积的比例较小，副翼偏转所产生的俯仰力矩也影响较
副翼,affects,俯仰力矩,2018311055郭廷宇,2224,于副翼面积占机翼总面积的比例较小，副翼偏转所产生的俯仰力矩也影响较
副翼,affects,俯仰力矩,2018311055郭廷宇,2233,出，当参考点取45%弦长左右位置时，机翼的俯仰力矩系数基本不随副翼偏
副翼偏转,affects,气动力,2018311055郭廷宇,2234,转角度的变化而改变，即副翼偏转产生的额外气动力的作用中心处于45%弦
副翼偏转,affects,俯仰力矩,2018311055郭廷宇,2239,图 4.57 不同副翼面积的机翼在不同攻角下副翼偏转时俯仰力矩变化情况
机翼,affects,气动力,2018311055郭廷宇,2242,可以看出，机翼的气动中心（当机翼的攻角变化时，所产生的气动力增量的作
攻角,affects,气动力,2018311055郭廷宇,2242,可以看出，机翼的气动中心（当机翼的攻角变化时，所产生的气动力增量的作
攻角,affects,俯仰力矩,2018311055郭廷宇,2244,同时，因攻角变化而产生的俯仰力矩变
副翼偏转,affects,俯仰力矩,2018311055郭廷宇,2245,化远小于因副翼偏转所产生的俯仰力矩变化，因此在设计中应更多考虑副翼偏
机翼,affects,俯仰力矩,2018311055郭廷宇,2246,转对于机翼俯仰力矩的影响。
副翼偏转,affects,俯仰力矩,2018311055郭廷宇,2250,变化和副翼偏转角度变化而产生的俯仰力矩，则连杆与活动机翼的连接点可以
变体飞机,has_component,副翼,2018311055郭廷宇,2253,下面以基于RQ-4A 无人机的单-双折叠翼变体飞机为例，定量分析副翼偏
折叠,has_component,变体飞机,2018311055郭廷宇,2253,下面以基于RQ-4A 无人机的单-双折叠翼变体飞机为例，定量分析副翼偏
无人机,is_a,变体飞机,2018311055郭廷宇,2253,下面以基于RQ-4A 无人机的单-双折叠翼变体飞机为例，定量分析副翼偏
机身,has_component,活动机翼,2018311055郭廷宇,2256,机机身和固定机翼的重量为10000kg，每个活动机翼的重量为800kg，活动机
固定机翼,has_component,活动机翼,2018311055郭廷宇,2256,机机身和固定机翼的重量为10000kg，每个活动机翼的重量为800kg，活动机
副翼,has_parameter,面积,2018311055郭廷宇,2257,翼的副翼面积占比为20%。
固定机翼,has_parameter,升力系数,2018311055郭廷宇,2258,则在变体过程中，固定机翼的升力系数约为0.3，
活动机翼,has_parameter,升力系数,2018311055郭廷宇,2259,活动机翼的升力系数约为0.08。
副翼,affects,升力,2018311055郭廷宇,2261,升力的卸载，在此基础上，副翼还需要少量上偏或下偏用以控制活动机翼的公
偏转,affects,俯仰力矩,2018311055郭廷宇,2264,侧副翼上偏15 度，外侧副翼上偏5 度的极限偏转情况，俯仰力矩参考点取
活动机翼,has_parameter,力矩,2018311055郭廷宇,2265,45%弦长位置，计算了活动机翼所产生的力和力矩，如图 4.59 所示，计算结
偏转,affects,阻力,2018311055郭廷宇,2266,果表明，在极限偏转的工况下，活动机翼向连杆传递的阻力约为900N，不对
副翼偏转,affects,力矩,2018311055郭廷宇,2267,称阻力产生的扭转力矩约1150N·m，副翼偏转产生的俯仰力矩约为3200
单翼构型,is_a,气动特性,2018311055郭廷宇,2274,翼和双翼两种构型，其中大展弦比单翼构型的气动特性已有成熟的研究，本章
双翼,is_a,气动特性,2018311055郭廷宇,2274,翼和双翼两种构型，其中大展弦比单翼构型的气动特性已有成熟的研究，本章
双翼构型,is_a,气动特性,2018311055郭廷宇,2275,首先开展了双翼构型的气动特性研究，结合早年对于双翼布局的研究结果，提
参数,affects,双翼气动,2018311055郭廷宇,2281,比、翼展比、上机翼上反等设计参数对于双翼气动性能的影响，并得出了双翼
翼展,affects,双翼气动,2018311055郭廷宇,2281,比、翼展比、上机翼上反等设计参数对于双翼气动性能的影响，并得出了双翼
双翼气动,is_a,双翼,2018311055郭廷宇,2282,气动性能的等效原则和双翼气动设计的两条准则：1）双翼的性能主要由双翼
连杆,affects,双翼气动,2018311055郭廷宇,2286,除此之外，本章中还讨论了连杆对于双翼气动性能的影响，
连杆,affects,机翼升力,2018311055郭廷宇,2287,连杆对于机翼升力的影响较小，对于机翼阻力的影响主要来自于连杆和机翼连
连杆,affects,阻力,2018311055郭廷宇,2287,连杆对于机翼升力的影响较小，对于机翼阻力的影响主要来自于连杆和机翼连
机翼,affects,阻力,2018311055郭廷宇,2287,连杆对于机翼升力的影响较小，对于机翼阻力的影响主要来自于连杆和机翼连
活动机翼,affects,攻角,2018311055郭廷宇,2300,过程中的非定常气动力来源于活动机翼垂直方向运动引起的等效攻角变化，来
攻角,affects,气动力,2018311055郭廷宇,2300,过程中的非定常气动力来源于活动机翼垂直方向运动引起的等效攻角变化，来
副翼,is_a,特性,2018311055郭廷宇,2304,最后，开展了单-双折叠翼变体的副翼特性研究，以NACA2412 翼型为例，
副翼偏转,affects,气动力,2018311055郭廷宇,2305,通过数值计算分析了变体过程中副翼偏转所产生的气动力的变化情况。
活动机翼,has_component,连杆,2018311055郭廷宇,2310,起的俯仰力矩变化远大于机翼攻角改变所引起的俯仰力矩变化，活动机翼和连杆
副翼偏转,affects,力矩,2018311055郭廷宇,2313,折叠翼变体飞机为例，定量分析了副翼偏转所产生的额外力和力矩。
折叠,has_component,变体飞机,2018311055郭廷宇,2313,折叠翼变体飞机为例，定量分析了副翼偏转所产生的额外力和力矩。
变体飞行器,uses_method,副翼偏转,2018311055郭廷宇,2317,单-双折叠翼变体飞行器使用副翼偏转产生的气动力驱动变体，动力学特
飞机,has_parameter,自由度,2018311055郭廷宇,2320,翼的变体包含自转和公转2 个自由度，加上飞机原有的6 个自由度，全机在变
变体飞行器,has_parameter,自由度,2018311055郭廷宇,2321,体过程中共有10 个自由度，相较于一般的变体飞行器自由度更多，且涉及到
动力学,is_a,特性,2018311055郭廷宇,2324,明确其动力学特性，并制定合适的控制策略。
活动机翼,has_component,气动力,2018311055郭廷宇,2334,在机翼变体过程中，活动机翼主要受气动力、杆拉力与重力作用，如图
活动机翼,has_component,重力,2018311055郭廷宇,2334,在机翼变体过程中，活动机翼主要受气动力、杆拉力与重力作用，如图
活动机翼,has_component,气动力,2018311055郭廷宇,2337,F 为活动机翼两侧的气动力（这里仅考虑活动机翼运动平
机翼,has_component,阻力,2018311055郭廷宇,2338,面内的力，机翼的阻力和俯仰力矩等垂直于运动平面，故不考虑）；
机翼,has_component,俯仰力矩,2018311055郭廷宇,2338,面内的力，机翼的阻力和俯仰力矩等垂直于运动平面，故不考虑）；
活动机翼,has_component,重力,2018311055郭廷宇,2341,为活动机翼的两侧的重力；
活动机翼,has_parameter,角度,2018311055郭廷宇,2343,分别为活动机翼公转和自转的角度；
折叠,has_component,自由度,2018311055郭廷宇,2346,图 5.1 单-双折叠翼单侧变体的2 自由度动力学模型
机翼,is_a,动力学,2018311055郭廷宇,2348,对于单侧机翼的变体，可以使用拉格朗日方法建立其动力学模型
活动机翼,uses_method,铰链,2018311055郭廷宇,2432,以单翼状态为零重力势能点，并近似认为活动机翼的重心位于铰链处，则
活动机翼,affects,升力,2018311055郭廷宇,2667,根据4.3 及4.4 节中的研究结论，在变体过程中，活动机翼的升力随公转
偏转,is_a,副翼,2018311055郭廷宇,2669,偏转角度为线性关系，假设两侧的副翼的偏转角度为
活动机翼,has_component,副翼,2018311055郭廷宇,2755,以上即为单-双折叠翼变体的动力学及控制方程，其中活动机翼两侧副翼
变体飞行器,has_parameter,自由度,2018311055郭廷宇,2785,单-双折叠翼变体飞行器在变体过程中有10 个自由度，其中机身、固定机
连杆,is_a,活动,2018311055郭廷宇,2789,A 为机身、固定机翼和尾翼，B、C 为连杆，分别绕A 公转，D、E 为活动机
固定机翼,uses_method,连杆,2018311055郭廷宇,2789,A 为机身、固定机翼和尾翼，B、C 为连杆，分别绕A 公转，D、E 为活动机
变体飞行器,has_parameter,速度,2018311055郭廷宇,2793,于单-双折叠翼变体飞行器含有速度和角速度两种广义速度，应采用拟坐标的
变体飞行器,has_component,折叠,2018311055郭廷宇,2840,其中， q 为拟作标，对于单-双折叠翼变体飞行器：
飞机,has_parameter,自由度,2018311055郭廷宇,2864,量，两者共同构成了飞机机体运动的6 个自由度。
连杆,has_parameter,角度,2018311055郭廷宇,2866,的角度，即B 连杆一侧变体的公转角度，DB 为活动机翼D 绕连杆B 转动的角
连杆,has_parameter,角度,2018311055郭廷宇,2867,度，即B 连杆一侧变体的自转角度，以此类推。
连杆,has_parameter,速度,2018311055郭廷宇,2896,和固定机翼的运动在飞机体坐标系下的角速度矢量，BA 为连杆B 绕机身A
动力学,is_a,特性,2018311055郭廷宇,2980,的动力学特性展开直接分析，并建立出依赖于模型的控制方法。
活动机翼,affects,阻力,2018311055郭廷宇,3004,在变体过程中，两侧活动机翼不对称时，不对称的阻力将会产生偏航力
角度,affects,俯仰力矩,2018311055郭廷宇,3057,动机翼均处于最高点时，即两侧的公转角度均为90 度时，该俯仰力矩最大。
连杆,affects,力矩,2018311055郭廷宇,3058,在变体过程中，当两侧机翼连杆的拉力不对称时，会产生滚转力矩，如图
折叠,has_component,飞机,2018311055郭廷宇,3127,矩对飞机飞行稳定性的影响和单-双折叠翼变体的失效安全性。
偏转,affects,气动力,2018311055郭廷宇,847,动变体过程中舵面偏转所产生的气动力及其变化规律展开了研究。
折叠,affects,特性,2018311055郭廷宇,850,模型，分析了单-双折叠翼变体的动力学特性和控制特性，确定了单-双折叠翼
变体飞行器,has_component,机构,2018311055郭廷宇,858,翼变体飞行器的结构机构设计方案；
约束,has_parameter,参数,2018311055郭廷宇,862,单-双折叠翼变体在飞机总体设计中引入的新要求、新参数、新约束，研究了
变体飞行器,has_parameter,参数,2018311055郭廷宇,863,单-双折叠翼变体飞行器的初始总体参数拟定方法；
飞机平面外形,has_parameter,参数,2018311055郭廷宇,865,果，以及飞机平面外形设计参数对单-双折叠翼变体的影响和气动力驱动变体
气动力驱动变体,is_a,折叠,2018311055郭廷宇,865,果，以及飞机平面外形设计参数对单-双折叠翼变体的影响和气动力驱动变体
飞机,has_component,舵面,2018311055郭廷宇,866,对飞机气动舵面设计的要求，形成了单-双折叠翼变体飞行器的几何外形设计
折叠,applies_to,变体飞行器,2018311055郭廷宇,874,折叠翼变体的可行性，检验了4-7 章所形成的单-双折叠翼变体飞行器设计方
机翼,has_parameter,展弦比,2018311055郭廷宇,879,机翼的展弦比是飞行器设计的最重要参数之一，大展弦比机翼可以降低诱导
展弦比,is_a,参数,2018311055郭廷宇,879,机翼的展弦比是飞行器设计的最重要参数之一，大展弦比机翼可以降低诱导
阻力,affects,航程,2018311055郭廷宇,880,阻力，提高气动效率，增加航程。
展弦比,affects,弯矩,2018311055郭廷宇,881,但另一方面，增加展弦比会使机翼根部弯矩增
机翼,has_component,重量,2018311055郭廷宇,882,加，导致机翼结构重量增加，使得飞机的有效载荷和燃油携带量降低。
重量,affects,载荷,2018311055郭廷宇,882,加，导致机翼结构重量增加，使得飞机的有效载荷和燃油携带量降低。
约束,applies_to,飞行器,2018311055郭廷宇,885,场地和气象条件限制等约束，为飞行器选择最优的翼展和展弦比。
约束,has_parameter,翼展,2018311055郭廷宇,885,场地和气象条件限制等约束，为飞行器选择最优的翼展和展弦比。
约束,has_parameter,展弦比,2018311055郭廷宇,885,场地和气象条件限制等约束，为飞行器选择最优的翼展和展弦比。
约束,applies_to,飞机,2018311055郭廷宇,887,技术应用于飞行器，则意味着原有的设计约束被打破，飞机在原有的设计约束下
展弦比,affects,气动,2018311055郭廷宇,888,有望获得更大的展弦比和更高的气动效率。
变展,applies_to,变体飞行器,2018311055郭廷宇,895,以便对变展长变体飞行器的设计和应用提供明确指导。
展弦比飞行器,has_parameter,重量,2018311055郭廷宇,897,了大展弦比飞行器气动-重量-性能的等价关系，以“全球鹰”为原准机，讨论了
变展,affects,展弦比,2018311055郭廷宇,898,大展弦比变展长变体飞行器的设计规律，得出了变展长变体技术应用于大展弦比
飞行器,has_parameter,重量,2018311055郭廷宇,910,数和设计指标，包括飞行器的核心重量参数、几何尺寸约束、飞行性能和飞行包
飞行器,has_component,约束,2018311055郭廷宇,910,数和设计指标，包括飞行器的核心重量参数、几何尺寸约束、飞行性能和飞行包
飞机,has_parameter,几何,2018311055郭廷宇,912,生成飞机的详细几何形状、发动机参数、大气参数、推重比、翼载荷、初始重量
飞机,has_parameter,重量,2018311055郭廷宇,912,生成飞机的详细几何形状、发动机参数、大气参数、推重比、翼载荷、初始重量
参数,affects,气动,2018311055郭廷宇,915,拟定好的参数再通过分析综合模块，计算出飞机的气动性能、重量参数、
参数,affects,重量,2018311055郭廷宇,915,拟定好的参数再通过分析综合模块，计算出飞机的气动性能、重量参数、
飞机,has_parameter,起飞重量,2018311055郭廷宇,920,大起飞重量为目标进行迭代求解，每一个迭代循环都对飞机所有性能参数进行一
升力,affects,阻力,2018311055郭廷宇,929,升力、摩擦阻力和诱导阻力[87-90]，并结合一些半经验方法预测升力、各项阻力以
机翼,has_component,蒙皮,2018311055郭廷宇,932,98] ，即将机翼的结构分解为梁、肋、蒙皮、增升装置等结构分别计算结构重量。
机翼,has_parameter,重量,2018311055郭廷宇,932,98] ，即将机翼的结构分解为梁、肋、蒙皮、增升装置等结构分别计算结构重量。
蒙皮,has_parameter,重量,2018311055郭廷宇,934,其结构受力，最后根据相应的梁模型或板模型估算其结构重量，对于蒙皮，增升
展弦比,affects,诱导阻力,2018311055郭廷宇,946,增大飞机的展弦比有助于减小飞机的诱导阻力，但另一方面，飞机的气动
飞机,has_parameter,阻力系数,2018311055郭廷宇,989,即飞机的零升阻力系数
飞机,has_parameter,升力系数,2018311055郭廷宇,996,此结论，可以计算出固定翼飞机在不同升力系数和零升阻力系数下对应的最优展
飞机,has_parameter,零升,2018311055郭廷宇,996,此结论，可以计算出固定翼飞机在不同升力系数和零升阻力系数下对应的最优展
飞机,has_parameter,阻力系数,2018311055郭廷宇,996,此结论，可以计算出固定翼飞机在不同升力系数和零升阻力系数下对应的最优展
升力系数,affects,零升,2018311055郭廷宇,998,以一般的民航客机为例，其巡航升力系数一般在0.5-0.6 左右，零升阻力系数
飞行器,has_parameter,展弦比,2018311055郭廷宇,1001,力系数也更大，因而其气动最优展弦比也相较于一般飞行器更大，以“全球鹰”
飞行器,has_parameter,展弦比,2018311055郭廷宇,1007,技术的发展，高空飞行器的摩擦阻力有望进一步降低，其气动最优展弦比也将进
展弦比,affects,气动,2018311055郭廷宇,1007,技术的发展，高空飞行器的摩擦阻力有望进一步降低，其气动最优展弦比也将进
飞机,has_parameter,展弦比,2018311055郭廷宇,1010,2.3.2 气动-结构重量最优下的飞机最优展弦比
展弦比,affects,弯矩,2018311055郭廷宇,1011,飞机在增大展弦比的同时，翼根弯矩也进一步增大，进而使机翼的结构重量
弯矩,affects,重量,2018311055郭廷宇,1011,飞机在增大展弦比的同时，翼根弯矩也进一步增大，进而使机翼的结构重量
飞机,has_component,机翼,2018311055郭廷宇,1011,飞机在增大展弦比的同时，翼根弯矩也进一步增大，进而使机翼的结构重量
重量,affects,气动,2018311055郭廷宇,1014,到结构重量-气动效率的平衡。
参数,affects,气动,2018311055郭廷宇,1018,"飞机其他设计参数不变的情况下[29, 99]，使用ACADO 计算飞机的气动性能随展弦"
展弦比,affects,诱导阻力,2018311055郭廷宇,1020,可以看出，随着展弦比的增加，飞机的诱导阻力
展弦比,affects,重量,2018311055郭廷宇,1023,另一方面，图 2.5 显示了飞机的重量随展弦比增加变化
展弦比,affects,弯矩,2018311055郭廷宇,1024,的情况，随着飞机展弦比的增加，机翼的翼根弯矩增加，机翼结构重量也近似线
弯矩,affects,重量,2018311055郭廷宇,1024,的情况，随着飞机展弦比的增加，机翼的翼根弯矩增加，机翼结构重量也近似线
飞机,has_component,机翼,2018311055郭廷宇,1024,的情况，随着飞机展弦比的增加，机翼的翼根弯矩增加，机翼结构重量也近似线
展弦比,affects,航程,2018311055郭廷宇,1030,图 2.6 进一步显示了“全球鹰”航程随展弦比变化的情况，随着展弦比的增
展弦比,affects,气动,2018311055郭廷宇,1035,在实际设计中，除了考虑气动效率-结构重量的平衡外，飞机的展弦比也受到
展弦比,affects,重量,2018311055郭廷宇,1035,在实际设计中，除了考虑气动效率-结构重量的平衡外，飞机的展弦比也受到
重量,affects,展弦比,2018311055郭廷宇,1037,般小于考虑结构重量后的最优展弦比。
变展,applies_to,飞机,2018311055郭廷宇,1041,变展长变体技术可以在飞机飞行的不同阶段改变自身展长，打破原有的设计
变展,supports_mission,飞行,2018311055郭廷宇,1041,变展长变体技术可以在飞机飞行的不同阶段改变自身展长，打破原有的设计
约束,applies_to,飞机,2018311055郭廷宇,1042,约束，拓展飞机的飞行包线，改善飞机在不同阶段的飞行性能。
机构,affects,重量,2018311055郭廷宇,1044,所需要的机构结构也将付出一定的重量代价和空间代价，增加飞机的空重，侵占
无人机,has_parameter,翼展,2018311055郭廷宇,1053,“全球鹰”无人机为例，其翼展近40 米，若想实现航母起降，则其起降翼展需
翼展,affects,起降翼展,2018311055郭廷宇,1053,“全球鹰”无人机为例，其翼展近40 米，若想实现航母起降，则其起降翼展需
起降翼展,affects,航程,2018311055郭廷宇,1057,4A 的航程随起降翼展的变化情况，如图 2.7 所示。
起降翼展,affects,航程,2018311055郭廷宇,1058,图 2.7 在不同重量代价下，应用变体技术减少了50%起降翼展后RQ-4A 的航程随起
重量,affects,航程,2018311055郭廷宇,1066,飞重量时 ，变体RQ-4A 仍有较大的航程收益；
起飞重量,affects,起降翼展,2018311055郭廷宇,1068,大起飞重量时，变体RQ-4A 相较于相同起降翼展的RQ-4A 原准机已经几乎无
起降翼展,affects,航程,2018311055郭廷宇,1071,RQ-4A 的航程随起降翼展的变化情况。
变体机构,applies_to,飞机,2018311055郭廷宇,1072,可以看出，变体机构对于飞机油箱的
变体机构,affects,航程,2018311055郭廷宇,1073,侵占也同样会影响飞机的航程，当变体机构侵占了2000L 油箱时，其航程损
起降翼展,affects,航程,2018311055郭廷宇,1075,图 2.8 在不同空间代价下，应用变体技术减少了50%起降翼展后RQ-4A 的航程随起降
变体机构,affects,起降翼展,2018311055郭廷宇,1077,结合以上两点，在缩减50%起降翼展的情况下，当变体机构增重不超过10%
变体机构,affects,航程,2018311055郭廷宇,1078,最大起飞重量，变体机构的容积侵占不大于2000L 时，可以取得较好的航程收
伸缩,is_a,形式,2018311055郭廷宇,1080,但现有的伸缩翼，Z 型折叠翼等变体形式，需要强力的作动器来驱动变体，
折叠,is_a,形式,2018311055郭廷宇,1080,但现有的伸缩翼，Z 型折叠翼等变体形式，需要强力的作动器来驱动变体，
变体机构,has_component,机翼,2018311055郭廷宇,1081,同时变体机构极大的破坏了机翼原有的结构形式，重量代价和空间代价均较高，
变体机构,affects,重量,2018311055郭廷宇,1081,同时变体机构极大的破坏了机翼原有的结构形式，重量代价和空间代价均较高，
变展,applies_to,变体方案,2018311055郭廷宇,1094,器，迫切需要发展一种代价更低的变展长变体方案。
变体飞行器,has_component,折叠,2018311055郭廷宇,1095,第3 章 单-双折叠翼变体飞行器的概念
变体飞行器,is_a,概念,2018311055郭廷宇,1095,第3 章 单-双折叠翼变体飞行器的概念
折叠,applies_to,变体飞行器概念,2018311055郭廷宇,1096,第 3 章 单-双折叠翼变体飞行器概念的发展和完善
变体飞行器使用气动力,is_a,变体方式,2018311055郭廷宇,1103,单-双折叠翼变体飞行器使用气动力驱动完成变体，相较于传统变体方式，在
变体飞行器,has_component,折叠,2018311055郭廷宇,1113,单-双折叠翼变体飞行器有单翼和双翼两种模式，通过变体进行切换，如图
机翼,has_component,连杆,2018311055郭廷宇,1116,翼），两部分机翼之间由连杆连接。
固定机翼,has_component,飞机,2018311055郭廷宇,1120,状态下，固定机翼与活动机翼组成双翼式布局，此时飞机具有较小的翼展、对起
活动机翼,has_component,飞机,2018311055郭廷宇,1120,状态下，固定机翼与活动机翼组成双翼式布局，此时飞机具有较小的翼展、对起
双翼,is_a,布局,2018311055郭廷宇,1120,状态下，固定机翼与活动机翼组成双翼式布局，此时飞机具有较小的翼展、对起
活动机翼,affects,展弦比,2018311055郭廷宇,1123,活动机翼组成大展弦比单翼布局，此时飞机具有较好的巡航升阻比。
机构,has_component,机翼,2018311055郭廷宇,1127,机翼通过相应的固定锁定机构固连在一起，最终成为一架大展弦比单翼机；
机翼,is_a,单翼,2018311055郭廷宇,1127,机翼通过相应的固定锁定机构固连在一起，最终成为一架大展弦比单翼机；
机构,has_component,活动机翼,2018311055郭廷宇,1131,机构对接，平行地固定在活动机翼上方，形成一架上下双翼式布局的飞机。
双翼,is_a,布局,2018311055郭廷宇,1131,机构对接，平行地固定在活动机翼上方，形成一架上下双翼式布局的飞机。
变体机构,has_component,机构,2018311055郭廷宇,1133,案中的螺旋桨等机构，使得变体机构得到了进一步简化，代价进一步降低。
机翼,has_component,连杆,2018311055郭廷宇,1142,除此之外，两个机翼与连杆之间形成了稳固的桁架结构，飞机
诱导阻力,affects,航程,2018311055郭廷宇,1146,机的诱导阻力，提高了飞机的升阻比，增加了飞机的航程。
机翼,has_component,连杆,2018311055郭廷宇,1150,机翼的变体运动可以分解为连杆绕固定机翼
活动机翼,has_parameter,升力,2018311055郭廷宇,1154,在变体过程中，通过对副翼的偏转控制，使活动机翼的升力矢
副翼,affects,升力,2018311055郭廷宇,1159,变体开始后，活动机翼的副翼开始下偏，升力增加，驱
偏转,affects,力矩,2018311055郭廷宇,1165,下偏转的同时，还会产生一定量的差动，使活动机翼产生滚转力矩，从而控制活
副翼,affects,升力,2018311055郭廷宇,1170,副翼保持上偏，使活动机翼的升力降低至略小于重力，此后活动机翼完成与机身
副翼,affects,机翼升力,2018311055郭廷宇,1175,（a）变体前，活动机翼的副翼上偏，使机翼升力与重力刚好抵消，从而解开机翼固定
副翼,affects,升力,2018311055郭廷宇,1176,（b）当副翼下偏时，活动机翼的升力增加，机翼向上运动
副翼,affects,升力,2018311055郭廷宇,1179,（c）当副翼上偏时，活动机翼的升力降低，机翼向下运动
活动机翼,has_parameter,自由度,2018311055郭廷宇,1182,在此变体过程中，每个活动机翼增加了自转和公转两个自由度，而每段机翼
固定机翼,has_component,连杆,2018311055郭廷宇,1186,在单-双折叠翼变体飞行器中，每侧的固定机翼与活动机翼之间的连杆并不局
活动机翼,has_component,连杆,2018311055郭廷宇,1186,在单-双折叠翼变体飞行器中，每侧的固定机翼与活动机翼之间的连杆并不局
连杆,has_component,机翼,2018311055郭廷宇,1188,当每侧机翼间有两个连杆，且两个连杆沿机翼弦
机翼,has_parameter,自由度,2018311055郭廷宇,1190,构和结构的复杂度，此时机翼自转和公转的自由度不变（图 3.4b），连杆不传递
连杆,has_component,机翼,2018311055郭廷宇,1190,构和结构的复杂度，此时机翼自转和公转的自由度不变（图 3.4b），连杆不传递
机翼升力,affects,弯矩,2018311055郭廷宇,1191,机翼升力带来的弯矩；
机翼,has_component,活动机翼,2018311055郭廷宇,1193,翼组成了平行四边形结构，此时机翼的抗扭刚度进一步增强，同时活动机翼与固
机翼,affects,自由度,2018311055郭廷宇,1194,定机翼将始终保持平行，即自转角和公转角始终相等，变体的自由度减少为1，
变体飞机,has_component,折叠,2018311055郭廷宇,3128,图 5.7 为以RQ-4A 为原准机的单-双折叠翼变体飞机的舵面分配情况，表
变体飞机,has_component,舵面,2018311055郭廷宇,3128,图 5.7 为以RQ-4A 为原准机的单-双折叠翼变体飞机的舵面分配情况，表
飞机,has_parameter,参数,2018311055郭廷宇,3129,5.1 为飞机的变体参数和气动舵面的设计参数。
舵面,has_parameter,参数,2018311055郭廷宇,3129,5.1 为飞机的变体参数和气动舵面的设计参数。
机翼,has_component,形状,2018311055郭廷宇,3130,其中，机翼的平面形状和设计
副翼,has_parameter,面积,2018311055郭廷宇,3132,副翼的数量和面积相较于原准机大幅度放大；
尾翼,has_component,舵面,2018311055郭廷宇,3134,翼和尾翼舵面的设计参数相较于原准机也保持不变，由于全球鹰使用了V 型
尾翼,has_parameter,参数,2018311055郭廷宇,3134,翼和尾翼舵面的设计参数相较于原准机也保持不变，由于全球鹰使用了V 型
舵面,has_parameter,参数,2018311055郭廷宇,3134,翼和尾翼舵面的设计参数相较于原准机也保持不变，由于全球鹰使用了V 型
尾翼,has_parameter,面积,2018311055郭廷宇,3135,尾翼，其平尾面积和垂尾面积进行了等效折算。
活动机翼,has_parameter,阻力,2018311055郭廷宇,3136,在该设计参数下，单侧活动机翼的最大阻力约为900N（详见4.4 节），
飞机,has_parameter,范围,2018311055郭廷宇,3142,对飞机偏航的影响在飞机操稳系统的控制范围内。
变体飞行器,has_component,折叠,2018311055郭廷宇,3143,第 5 章 单-双折叠翼变体飞行器的动力学和控制研究
变体飞行器,has_component,折叠,2018311055郭廷宇,3144,图 5.7 以RQ-4A 为设计基准的单-双折叠翼变体飞行器的舵面分布
变体飞行器,has_component,舵面,2018311055郭廷宇,3144,图 5.7 以RQ-4A 为设计基准的单-双折叠翼变体飞行器的舵面分布
变体飞行器,has_parameter,参数,2018311055郭廷宇,3145,表 5.1 以RQ-4A 为设计基准的单-双折叠翼变体飞行器的设计参数
变体飞行器,has_component,折叠,2018311055郭廷宇,3145,表 5.1 以RQ-4A 为设计基准的单-双折叠翼变体飞行器的设计参数
活动机翼,has_parameter,重量,2018311055郭廷宇,3149,活动机翼重量/kg
固定机翼,has_component,副翼,2018311055郭廷宇,3161,固定机翼副翼面积占比
副翼,has_parameter,面积,2018311055郭廷宇,3161,固定机翼副翼面积占比
活动机翼,has_parameter,阻力,2018311055郭廷宇,3166,当两侧的活动机翼均处于运动过程中的最高点时，活动机翼的阻力产生的
俯仰力矩,is_a,力矩,2018311055郭廷宇,3167,俯仰扰动力矩最大，根据(5-26)式，此时该最大俯仰力矩约为14000 N·m。
舵面,has_parameter,力矩,2018311055郭廷宇,3170,大俯仰扰动力矩远低于舵面产生的最大控制力矩，变体对于飞机俯仰的影响在
固定机翼,has_component,副翼,2018311055郭廷宇,3179,经ACADO 计算，此时固定机翼副翼可产生的最大滚转控制力矩
副翼,has_parameter,力矩,2018311055郭廷宇,3179,经ACADO 计算，此时固定机翼副翼可产生的最大滚转控制力矩
飞机,has_parameter,范围,2018311055郭廷宇,3181,变体对于飞机滚转的影响同样在飞机操稳系统的控制范围内。
变体飞行器,has_component,折叠,2018311055郭廷宇,3183,第 5 章 单-双折叠翼变体飞行器的动力学和控制研究
飞机,has_parameter,范围,2018311055郭廷宇,3186,总的来看，变体所产生的扰动力和扰动力矩在飞机操稳系统的控制范围
舵面,has_component,飞机,2018311055郭廷宇,3199,失效的情况下，这些扰动力和扰动力矩对飞机稳定性的影响也在飞机舵面的控
变体飞行器,has_component,折叠,2018311055郭廷宇,3201,第6 章 单-双折叠翼变体飞行器的结构机构设计研究
变体飞行器,has_component,机构,2018311055郭廷宇,3201,第6 章 单-双折叠翼变体飞行器的结构机构设计研究
飞机,has_component,变体机构,2018311055郭廷宇,3204,变体机构和包含变体机构的飞机结构设计，是单-双折叠翼变体飞行器设
变体飞行器,has_component,变体机构,2018311055郭廷宇,3204,变体机构和包含变体机构的飞机结构设计，是单-双折叠翼变体飞行器设
变体机构,has_component,折叠,2018311055郭廷宇,3204,变体机构和包含变体机构的飞机结构设计，是单-双折叠翼变体飞行器设
气动力驱动变体,has_component,机构,2018311055郭廷宇,3206,气动力驱动变体的变体方式，无需复杂的作动机构与作
连杆,has_component,机构,2018311055郭廷宇,3207,动器，大幅减少了连杆等机构所传递的气动力矩，减轻了变体机构的负担。
变体机构,has_parameter,尺寸,2018311055郭廷宇,3211,机翼原有的机翼结构方案的影响、变体机构的尺寸和重量代价等。
变体机构,has_parameter,重量,2018311055郭廷宇,3211,机翼原有的机翼结构方案的影响、变体机构的尺寸和重量代价等。
飞机,has_component,变体机构,2018311055郭廷宇,3213,包含变体机构的飞机结构设计，也同样与飞机的总体方案设计、气动设计、飞
变体机构,has_component,连杆,2018311055郭廷宇,3218,机，对变体机构中最重要的部件—连杆的受力特性展开了计算与分析，对连杆
变体飞行器,has_component,特性,2018311055郭廷宇,3222,6.2 单-双折叠翼变体飞行器变体过程中的受力特性
活动机翼,has_component,升力,2018311055郭廷宇,3225,图 6.1 为变体过程中活动机翼的升力和重力的传力路径，在变体过程
活动机翼,has_component,重力,2018311055郭廷宇,3225,图 6.1 为变体过程中活动机翼的升力和重力的传力路径，在变体过程
活动机翼,uses_method,连杆,2018311055郭廷宇,3226,中，活动机翼的升力和重力大部分相互抵消，未抵消掉的部分通过连杆传递给
连杆,has_component,机翼,2018311055郭廷宇,3228,由于连杆和两端的机翼均为铰接，连杆不传递弯矩。
偏转,affects,升力,2018311055郭廷宇,3234,在变形过程中，随着机翼位置的变化和副翼的偏转，活动机翼的升力大小
活动机翼,has_component,升力,2018311055郭廷宇,3234,在变形过程中，随着机翼位置的变化和副翼的偏转，活动机翼的升力大小
活动机翼,has_component,连杆,2018311055郭廷宇,3235,和升力中心的位置也发生改变，此时活动机翼的升力和重力在活动机翼和连杆
活动机翼,has_component,升力,2018311055郭廷宇,3235,和升力中心的位置也发生改变，此时活动机翼的升力和重力在活动机翼和连杆
活动机翼,has_component,重力,2018311055郭廷宇,3235,和升力中心的位置也发生改变，此时活动机翼的升力和重力在活动机翼和连杆
活动机翼,has_parameter,扭矩,2018311055郭廷宇,3236,连接处会产生扭矩，如图 6.2 所示，以活动机翼向上扭转为正，这个扭矩可以
活动机翼,uses_method,连杆,2018311055郭廷宇,3250,1x 为活动机翼的升力中心到连杆铰
活动机翼,has_parameter,扭矩,2018311055郭廷宇,3264,当活动机翼的位置处于其他状态时，这个扭矩同时以弯矩和
活动机翼,has_parameter,弯矩,2018311055郭廷宇,3264,当活动机翼的位置处于其他状态时，这个扭矩同时以弯矩和
连杆,has_parameter,弯矩,2018311055郭廷宇,3283,1T 在连杆上传递时的弯矩分量，
连杆,has_parameter,扭矩,2018311055郭廷宇,3288,在连杆上传递时的扭矩分量。
活动机翼,uses_method,连杆,2018311055郭廷宇,3290,在变体过程中，活动机翼的阻力通过连杆传递到固定机翼，会产生弯矩和
阻力,affects,弯矩,2018311055郭廷宇,3290,在变体过程中，活动机翼的阻力通过连杆传递到固定机翼，会产生弯矩和
连杆,has_component,固定机翼,2018311055郭廷宇,3290,在变体过程中，活动机翼的阻力通过连杆传递到固定机翼，会产生弯矩和
活动机翼,has_parameter,阻力,2018311055郭廷宇,3299,D 为活动机翼的阻力，l 为连杆长度。
扭转,has_parameter,力矩,2018311055郭廷宇,3304,会产生扭转力矩，如图 6.4 所示，这个扭转力矩可以表示为：
扭转,has_parameter,力矩,2018311055郭廷宇,3314,T 为不平衡阻力引起的扭转力矩，
连杆,has_component,铰链,2018311055郭廷宇,3321,分别为两侧阻力的作用中心到连杆铰链处的距离。
连杆,has_parameter,弯矩,2018311055郭廷宇,3347,T 在连杆上传递时的弯矩分量，
连杆,has_parameter,扭矩,2018311055郭廷宇,3351,T 在连杆上传递时的扭矩分量。
固定机翼,uses_method,连杆,2018311055郭廷宇,3352,可以看出，固定机翼的力和力矩在连杆的上的传力比较复杂，在活动机翼
活动机翼,uses_method,连杆,2018311055郭廷宇,3352,可以看出，固定机翼的力和力矩在连杆的上的传力比较复杂，在活动机翼
变形,affects,攻角,2018311055郭廷宇,3654,变形又将进一步影响机翼的攻角并对飞机的飞行控制产生扰动。
固定机翼,has_component,连杆,2018311055郭廷宇,3664,从上文的分析中可以看出，固定机翼与活动机翼之间的连杆是单-双折叠
活动机翼,has_component,连杆,2018311055郭廷宇,3664,从上文的分析中可以看出，固定机翼与活动机翼之间的连杆是单-双折叠
连杆,has_parameter,尺寸,2018311055郭廷宇,3670,连杆的结构尺寸需满足机翼空间结构的需求。
连杆,has_parameter,重量,2018311055郭廷宇,3673,若连杆重量和空间尺寸过大，则将不满足飞机总体设计、飞行
连杆,has_parameter,尺寸,2018311055郭廷宇,3673,若连杆重量和空间尺寸过大，则将不满足飞机总体设计、飞行
连杆,has_parameter,尺寸,2018311055郭廷宇,3677,满足上述要求的情况下，还需要尽可能的减少连杆的尺寸和重量。
连杆,has_parameter,重量,2018311055郭廷宇,3677,满足上述要求的情况下，还需要尽可能的减少连杆的尺寸和重量。
折叠,applies_to,变体飞行,2018311055郭廷宇,3680,根据4.4 节中的计算结果，以RQ-4A 为原准机的单-双折叠翼变体飞行
活动机翼,uses_method,副翼偏转,2018311055郭廷宇,3681,器，若在3000m 高度和400km/h 速度下变体，当活动机翼处于内侧副翼偏转
副翼偏转,affects,阻力,2018311055郭廷宇,3682,15 度，外侧副翼偏转5 度的极限偏转情形时，活动机翼的总阻力约为900
活动机翼,has_parameter,阻力,2018311055郭廷宇,3682,15 度，外侧副翼偏转5 度的极限偏转情形时，活动机翼的总阻力约为900
阻力,affects,力矩,2018311055郭廷宇,3684,N，两侧不平衡阻力产生的力矩为1150 N·m，若连杆的铰链位置设置在45%
连杆,has_component,铰链,2018311055郭廷宇,3684,N，两侧不平衡阻力产生的力矩为1150 N·m，若连杆的铰链位置设置在45%
活动机翼,has_mechanism,扭转,2018311055郭廷宇,3685,弦长处，并假设活动机翼重心位于铰链处，则活动机翼产生的扭转力矩约为
连杆,has_parameter,弯矩,2018311055郭廷宇,3687,4.5m，将上述力矩带入公式(6-8)和(6-9)中，可以得到连杆承受的弯矩和扭矩
连杆,has_parameter,扭矩,2018311055郭廷宇,3687,4.5m，将上述力矩带入公式(6-8)和(6-9)中，可以得到连杆承受的弯矩和扭矩
连杆,has_parameter,弯矩,2018311055郭廷宇,3689,图 6.10 连杆上最大弯矩随公转角度的变化曲线
连杆,has_parameter,扭矩,2018311055郭廷宇,3690,图 6.11 连杆上最大扭矩随公转角度的变化曲线
活动机翼,has_parameter,阻力,2018311055郭廷宇,3694,矩主要来自于活动机翼的阻力所产生的弯矩；
阻力,affects,弯矩,2018311055郭廷宇,3694,矩主要来自于活动机翼的阻力所产生的弯矩；
连杆,has_parameter,尺寸,2018311055郭廷宇,3700,杆几何模型，使用有限元方法分析不同尺寸的连杆在最大弯矩和最大扭矩作用
连杆,has_component,形状,2018311055郭廷宇,3702,连杆的形状和参数设置如图 6.12 所示，考虑到气动整流的需
连杆,has_parameter,参数,2018311055郭廷宇,3702,连杆的形状和参数设置如图 6.12 所示，考虑到气动整流的需
连杆,has_parameter,重量,2018311055郭廷宇,3704,求，连杆被设计为厚翼型的形状，材料为结构钢，连杆的重量被限制为
连杆,has_component,形状,2018311055郭廷宇,3704,求，连杆被设计为厚翼型的形状，材料为结构钢，连杆的重量被限制为
连杆,is_a,翼型,2018311055郭廷宇,3704,求，连杆被设计为厚翼型的形状，材料为结构钢，连杆的重量被限制为
连杆,affects,尺寸增加,2018311055郭廷宇,3705,120kg，即全球鹰最大起飞重量的1%，当连杆的尺寸增加时，连杆的壁厚会
连杆,has_component,几何外形,2018311055郭廷宇,3707,图 6.12 连杆的几何外形和设计参数
连杆,has_parameter,参数,2018311055郭廷宇,3707,图 6.12 连杆的几何外形和设计参数
连杆,has_component,变形,2018311055郭廷宇,3715,连杆的设计中，将主要考虑连杆的刚度和变形特性。
连杆,has_component,特性,2018311055郭廷宇,3715,连杆的设计中，将主要考虑连杆的刚度和变形特性。
连杆,has_component,特性,2018311055郭廷宇,3735,250mm，厚125mm 的连杆可以较好的兼顾连杆的抗弯和抗扭特性。
机翼,has_parameter,厚度,2018311055郭廷宇,3737,宽度约为机翼平均弦长的16%，厚度约为机翼平均厚度的57%（若使用14%
连杆,has_parameter,尺寸,2018311055郭廷宇,3739,在使用较厚翼型的情况下，连杆的尺寸满足安放在活动机翼内
升力,affects,扭矩,2018311055郭廷宇,3753,来自于活动机翼的升力所产生的扭矩，这部分变形比较稳定，
活动机翼,has_mechanism,扭转,2018311055郭廷宇,3754,可以通过给活动机翼预设负扭转角的形式进行抵消；
阻力,affects,弯矩,2018311055郭廷宇,3758,翼的阻力产生的弯矩和扭矩，这部分变形可以通过气动优化减小阻力来改善。
阻力,affects,扭矩,2018311055郭廷宇,3758,翼的阻力产生的弯矩和扭矩，这部分变形可以通过气动优化减小阻力来改善。
活动机翼,uses_method,偏转,2018311055郭廷宇,3774,活动机翼的内侧端面向前偏转变形；
阻力,affects,弯矩,2018311055郭廷宇,3784,产生的弯矩，这部分变形也同样可以通过气动优化减小阻力来改善。
变体飞行器,has_component,机构,2018311055郭廷宇,3785,第6 章 单-双折叠翼变体飞行器的结构机构设计研究
机构,has_component,折叠,2018311055郭廷宇,3785,第6 章 单-双折叠翼变体飞行器的结构机构设计研究
变形,affects,攻角,2018311055郭廷宇,3790,结合以上两项来看，连杆的变形对活动机翼的攻角影响较大，进而增强了
活动机翼,affects,攻角,2018311055郭廷宇,3790,结合以上两项来看，连杆的变形对活动机翼的攻角影响较大，进而增强了
副翼偏转,has_parameter,角度,2018311055郭廷宇,3795,补偿，从而减少活动机翼的副翼偏转角度；
活动机翼,uses_method,副翼偏转,2018311055郭廷宇,3795,补偿，从而减少活动机翼的副翼偏转角度；
副翼,affects,阻力,2018311055郭廷宇,3797,动机翼副翼的大幅差动，减小因副翼差动带来的不平衡阻力。
副翼偏转,affects,阻力,2018311055郭廷宇,3799,方面，可以对副翼的气动外形做专门的优化，减少副翼偏转时产生的阻力。
连杆,is_a,折叠,2018311055郭廷宇,3802,总的来看，1%全机重量的连杆可以满足单-双折叠翼变体飞行器使用的需
连杆,applies_to,变体飞行器,2018311055郭廷宇,3802,总的来看，1%全机重量的连杆可以满足单-双折叠翼变体飞行器使用的需
机翼,is_a,飞机,2018311055郭廷宇,3806,机翼是飞机最重要的结构部件。
变体飞行器,has_component,机翼,2018311055郭廷宇,3807,单-双折叠翼变体飞行器通过对机翼的折
变体飞行器,uses_method,折叠,2018311055郭廷宇,3807,单-双折叠翼变体飞行器通过对机翼的折
机翼,has_component,蒙皮,2018311055郭廷宇,3814,翼和多梁式机翼，其主要结构包括蒙皮、翼肋、翼梁（包括缘条和腹板）、纵
机翼,has_component,蒙皮,2018311055郭廷宇,3816,在梁式机翼中，气动力通过蒙皮传递给
机翼,has_component,蒙皮,2018311055郭廷宇,3823,单块式机翼翼梁的强度较弱，乃至完全简化为墙，但蒙皮和长桁得到了大
蒙皮,has_parameter,载荷,2018311055郭廷宇,3826,蒙皮很厚，腹板较多，翼肋较少，蒙皮的气动载荷直接传递给腹板，再通过腹
机翼,affects,弯矩,2018311055郭廷宇,3830,梁式机翼主要通过梁来传递弯矩，受力较为集中；
机翼,has_parameter,厚度,2018311055郭廷宇,3835,梁式机翼一般翼型厚度较大，梁与梁之间跨度较
机翼,has_component,翼型,2018311055郭廷宇,3835,梁式机翼一般翼型厚度较大，梁与梁之间跨度较
蒙皮,affects,弯矩,2018311055郭廷宇,3838,单块式机翼的蒙皮起到传递弯矩和扭矩的作用，蒙皮开
蒙皮,affects,扭矩,2018311055郭廷宇,3838,单块式机翼的蒙皮起到传递弯矩和扭矩的作用，蒙皮开
蒙皮,affects,弯矩,2018311055郭廷宇,3840,多腹板式机翼的蒙皮传递的弯矩和扭矩更多，蒙皮
蒙皮,affects,扭矩,2018311055郭廷宇,3840,多腹板式机翼的蒙皮传递的弯矩和扭矩更多，蒙皮
折叠,applies_to,变体飞行器,2018311055郭廷宇,3842,对于单-双折叠翼变体飞行器来说，单-双折叠翼变体主要应用于较厚的大
机翼,has_component,连杆,2018311055郭廷宇,3845,机翼之间的连杆，机翼的蒙皮需要有较大尺度的开口，也同样需要采用梁式的
机翼,has_component,蒙皮,2018311055郭廷宇,3845,机翼之间的连杆，机翼的蒙皮需要有较大尺度的开口，也同样需要采用梁式的
连杆,affects,弯矩,2018311055郭廷宇,3854,3）如何传递活动机翼变体过程中连杆产生的额外弯矩和扭矩。
连杆,affects,扭矩,2018311055郭廷宇,3854,3）如何传递活动机翼变体过程中连杆产生的额外弯矩和扭矩。
变体飞行器,has_component,机翼,2018311055郭廷宇,3855,图 6.19 进一步给出了单-双折叠翼变体飞行器的机翼结构设计方案。
机翼,has_component,连杆,2018311055郭廷宇,3857,机翼采用了多梁的结构方案，与全球鹰等大展弦比飞机相同，连杆和连杆两端
连杆,has_parameter,力矩,2018311055郭廷宇,3858,的铰链则布置在两根主梁之间，由此，连杆的力和力矩可以直接传给两端的机
铰链,has_component,连杆,2018311055郭廷宇,3858,的铰链则布置在两根主梁之间，由此，连杆的力和力矩可以直接传给两端的机
机翼,has_component,连杆,2018311055郭廷宇,3860,考虑到梁式机翼受集中力的能力较差，在连杆和铰链所在位置，将布
机翼,has_component,铰链,2018311055郭廷宇,3860,考虑到梁式机翼受集中力的能力较差，在连杆和铰链所在位置，将布
机翼,has_component,蒙皮,2018311055郭廷宇,3866,于机翼留下的开口，将使用柔性蒙皮材料等进行整流，以降低阻力。
机翼,has_parameter,尺寸,2018311055郭廷宇,3874,符合机翼尺寸要求的情况下，可以满足单-双折叠翼变体飞行器的使用需求。
变体机构,has_component,飞机,2018311055郭廷宇,3875,变体机构的设计也对飞机的平面外形设计、气动设计、飞行控制设计等提出了
变体飞行器,uses_method,折叠,2018311055郭廷宇,3878,机翼的基础上，给出了单-双折叠翼变体飞行器的机翼结构设计方案。
飞机,has_parameter,重量,2018311055郭廷宇,3887,飞机的气动布局、重量、基本性能和飞行包线等主要指标，使飞机的概念进一
飞机,has_component,机翼,2018311055郭廷宇,3890,将确定飞机机翼、机身、尾翼等主要部件的平面形状和设计参数，确定飞机的
飞机,has_component,机身,2018311055郭廷宇,3890,将确定飞机机翼、机身、尾翼等主要部件的平面形状和设计参数，确定飞机的
飞机,has_component,尾翼,2018311055郭廷宇,3890,将确定飞机机翼、机身、尾翼等主要部件的平面形状和设计参数，确定飞机的
飞机,has_parameter,参数,2018311055郭廷宇,3890,将确定飞机机翼、机身、尾翼等主要部件的平面形状和设计参数，确定飞机的
飞机,has_parameter,重量,2018311055郭廷宇,3891,主要结构和传力路径，确定飞机的重量重心和操稳特性。
变体飞行器,has_parameter,参数,2018311055郭廷宇,3907,本章首先开展了单-双折叠翼变体飞行器初始总体参数拟定方法研究，提出
变体飞行器,has_component,几何外形,2018311055郭廷宇,3910,其后，开展了单-双折叠翼变体飞行器的几何外形设计方法研究，
变体飞行器,has_parameter,参数,2018311055郭廷宇,3912,论了单-双折叠翼变体飞行器主要几何外形参数的设计规律和设计准则，分析
几何外形,has_parameter,参数,2018311055郭廷宇,3912,论了单-双折叠翼变体飞行器主要几何外形参数的设计规律和设计准则，分析
副翼,has_parameter,参数,2018311055郭廷宇,3913,讨论了基于变体包线的单-双折叠翼变体的副翼参数设计方法；
折叠,applies_to,展弦比飞行器,2018311055郭廷宇,3916,用多学科方法，分析了单-双折叠翼变体技术应用于大展弦比飞行器的收益代
折叠,applies_to,展弦比飞行器,2018311055郭廷宇,3966,1）在现有大展弦比飞行器的基础上，通过单-双折叠翼变体，缩减一半起
翼展,affects,起降,2018311055郭廷宇,3967,降翼展，在飞机巡航性能不变的情况下，减少对于起降场地的空间要求，增强
机翼,has_parameter,展弦比,2018311055郭廷宇,3975,航翼展，在飞机起降翼展不变的情况下，增大机翼的面积和展弦比，提高飞机
折叠,affects,翼展,2018311055郭廷宇,3982,起飞总重：若在现有飞行器的基础上，通过单-双折叠翼变体减小翼展，
折叠,affects,翼展,2018311055郭廷宇,3985,上，通过单-双折叠翼变体扩大巡航翼展，则飞机的机翼面积增加，较于原准
飞行器,has_parameter,载荷,2018311055郭廷宇,4006,翼载荷：对于高空长航时飞行器来说，飞机的翼载荷主要受最大升限的
机翼,has_parameter,升力,2018311055郭廷宇,4007,约束，即在最大升限条件下，机翼需能提供足够的升力。
翼展,affects,机翼面积,2018311055郭廷宇,4012,大巡航翼展，则飞机的机翼面积增加，较于原准机，飞机的翼载荷可以相应降
变体飞行器,has_component,几何外形,2018311055郭廷宇,4036,7.3 单-双折叠翼变体飞行器的几何外形设计研究
飞机,has_component,变体机构,2018311055郭廷宇,4044,1）飞机的几何外形应满足变体机构安装、使用的需求。
连杆,has_component,机翼,2018311055郭廷宇,4046,设计应保证连杆等变体机构有足够的机翼空间安放；
变体机构,has_component,机翼,2018311055郭廷宇,4046,设计应保证连杆等变体机构有足够的机翼空间安放；
飞行器,has_parameter,升力,2018311055郭廷宇,4057,飞行器的不可变体部分和可变体部分之间应具有合适的升力和载荷分配，以
飞行器,has_parameter,载荷,2018311055郭廷宇,4057,飞行器的不可变体部分和可变体部分之间应具有合适的升力和载荷分配，以
变体机构,has_parameter,重量,2018311055郭廷宇,4064,变体的成本主要是变体机构的重量成本和
变体机构,has_parameter,力矩,2018311055郭廷宇,4067,根据前文中的研究，变体机构的受力、变体过程中产生扰动力矩和不
活动机翼,affects,力矩,2018311055郭廷宇,4068,平衡力矩均主要来自于活动机翼产生的各项气动力。
活动机翼,has_parameter,气动力,2018311055郭廷宇,4068,平衡力矩均主要来自于活动机翼产生的各项气动力。
变体机构,has_parameter,重量,2018311055郭廷宇,4070,活动机翼的气动负载，进而降低变体机构的负载，减小变体机构的重量成本和空
飞机,has_component,几何外形,2018311055郭廷宇,4080,单-双折叠翼变体给飞机几何外形设计主要带来了两方面的影响，一是改
飞机,has_parameter,参数,2018311055郭廷宇,4081,变了飞机原有几何外形参数的设计规律，二是增加新的外形参数，如活动机翼
连杆,has_parameter,参数,2018311055郭廷宇,4082,和固定机翼的位置关系，连杆的设计参数等。
固定机翼,has_parameter,位置,2018311055郭廷宇,4082,和固定机翼的位置关系，连杆的设计参数等。
飞机,has_parameter,参数,2018311055郭廷宇,4085,目标，对飞机几何外形设计的设计参数逐一分析讨论。
几何外形,has_parameter,参数,2018311055郭廷宇,4085,目标，对飞机几何外形设计的设计参数逐一分析讨论。
连杆,affects,力矩,2018311055郭廷宇,4564,一般为全机最大起飞重量的0.6%左右[96]，考虑到连杆传递的力和力矩大小只
活动机翼,has_component,机构,2018311055郭廷宇,4573,其四是活动机翼的固定机构的增重，对此，可以参考舰载机折叠机翼的固
机构,has_parameter,最大起飞重量,2018311055郭廷宇,4574,定机构增重，固定机构的增重按全机最大起飞重量的1%计算，即
机翼,has_parameter,重量,2018311055郭廷宇,4600,于机翼结构重量的计算使用部件级的工程梁方法，在计算中已经将副翼的增重
副翼,has_parameter,重量,2018311055郭廷宇,4601,纳入考量，其中副翼重量使用如下式计算[96]：
副翼,has_parameter,面积,2018311055郭廷宇,4628,分别为副翼面积和机翼参考
副翼,has_parameter,面积,2018311055郭廷宇,4631,根据上文中的分析结果，全机的副翼面积占比可以按20%计算。
机翼,has_parameter,厚度,2018311055郭廷宇,4634,杆部位的机翼厚度需要少量增大；
飞机,has_parameter,最大升力系数,2018311055郭廷宇,4637,这两点可能导致飞机最大升力系数和最大飞行马赫数有所下降，但由于
折叠,affects,展弦比,2018311055郭廷宇,4644,首先考虑第一种应用方向，通过单-双折叠翼变体技术，实现大展弦比飞
折叠,affects,起降翼展,2018311055郭廷宇,4647,数不变的情况下，将起降翼展限制为20m，并分别按单-双折叠翼变体布局、
展弦比,affects,升力,2018311055郭廷宇,4652,用涡格法计算其升力与载荷分布，并较为乐观的估计其充分优化后等展弦比下
展弦比,affects,载荷,2018311055郭廷宇,4652,用涡格法计算其升力与载荷分布，并较为乐观的估计其充分优化后等展弦比下
机翼,has_parameter,重量,2018311055郭廷宇,4653,较传统布局可以减少20%的机翼结构重量。
机翼,has_parameter,重量,2018311055郭廷宇,4685,机翼结构重量/kg
机翼,has_parameter,重量,2018311055郭廷宇,4695,从表中可以看出，在结构重量方面，单-双折叠翼变体飞行器的机翼结构
折叠,affects,展弦比,2018311055郭廷宇,4697,变体机构的增重，其二是单-双折叠翼变体飞机的在单翼状态下的展弦比相较
展弦比,affects,弯矩,2018311055郭廷宇,4701,加，展弦比增加后，飞机的翼根弯矩增加，同时机翼截面积降低，需要更大的
机翼,has_parameter,面积,2018311055郭廷宇,4701,加，展弦比增加后，飞机的翼根弯矩增加，同时机翼截面积降低，需要更大的
机翼,has_parameter,重量,2018311055郭廷宇,4702,结构重量来支撑其抗弯和抗扭性能，因此机翼结构重量有大幅度提升，飞机的
飞机,has_component,机翼,2018311055郭廷宇,4702,结构重量来支撑其抗弯和抗扭性能，因此机翼结构重量有大幅度提升，飞机的
起降翼展,affects,航程,2018311055郭廷宇,4707,航升阻比大大提高，因此在航程和航时方面仍具有很大优势，在限制起降翼展
飞机,has_component,机翼,2018311055郭廷宇,4714,扩展一倍巡航翼展，在飞机起降翼展不变的情况下，增大机翼的面积和展弦
机翼,has_parameter,面积,2018311055郭廷宇,4714,扩展一倍巡航翼展，在飞机起降翼展不变的情况下，增大机翼的面积和展弦
翼展,affects,起降翼展,2018311055郭廷宇,4714,扩展一倍巡航翼展，在飞机起降翼展不变的情况下，增大机翼的面积和展弦
飞机,has_parameter,最大起飞重量,2018311055郭廷宇,4715,比，提高飞机的最大起飞重量和巡航升阻比，进而提升飞机的载荷和航程。
载荷,affects,航程,2018311055郭廷宇,4715,比，提高飞机的最大起飞重量和巡航升阻比，进而提升飞机的载荷和航程。
机翼,has_component,机构,2018311055郭廷宇,4721,的展弦比本身较大，机翼翼展的增加大幅增加了机翼的机构重量，抵消了提高
机构,has_parameter,重量,2018311055郭廷宇,4721,的展弦比本身较大，机翼翼展的增加大幅增加了机翼的机构重量，抵消了提高
载荷,affects,航程,2018311055郭廷宇,4722,升阻比带来的收益，载荷和航程航时的提升十分有限。
折叠,affects,翼展,2018311055郭廷宇,4726,表7.4 RQ-4A 使用单-双折叠翼变体扩充一倍翼展后的性能变化
折叠,has_component,变体飞机,2018311055郭廷宇,4728,单-双折叠翼变体飞机
机翼,has_parameter,重量,2018311055郭廷宇,4749,机翼结构重量/kg
翼展,affects,巡航,2018311055郭廷宇,4764,体，扩展30%巡航翼展，同时缩减30%起降翼展。
翼展,affects,起降翼展,2018311055郭廷宇,4764,体，扩展30%巡航翼展，同时缩减30%起降翼展。
飞机,has_parameter,参数,2018311055郭廷宇,4766,时飞机的性能参数，如表7.5 所示。
折叠,affects,翼展,2018311055郭廷宇,4771,表7.5 RQ-4A 使用单-双折叠翼变体扩充30%翼展后的性能变化
折叠,has_component,变体飞机,2018311055郭廷宇,4773,单-双折叠翼变体飞机
机翼,has_parameter,重量,2018311055郭廷宇,4794,机翼结构重量/kg
机翼,has_parameter,重量,2018311055郭廷宇,4805,收益，第二种方案则因为机翼结构重量过大，收益较差。
变体飞行器,has_parameter,参数,2018311055郭廷宇,4811,本章首先开展了单-双折叠翼变体飞行器初始总体参数拟定方法研究，提出
变体飞行器,has_component,几何外形,2018311055郭廷宇,4814,此后，开展了单-双折叠翼变体飞行器的几何外形设计方法研究，研究结
变体飞机,has_component,舵面,2018311055郭廷宇,4817,本章还开展了单-双折叠翼变体飞机的舵面设计研究，在单-双折叠翼变
副翼,has_parameter,面积,2018311055郭廷宇,4819,式、机翼的平面参数进一步确定副翼的设计参数，一般来说，15-20%面积占
折叠,affects,航程,2018311055郭廷宇,4825,双折叠翼变体相较于其他布局可以增加50%以上航程；
折叠,affects,翼展,2018311055郭廷宇,4827,通过单-双折叠翼变体直接扩展一倍翼展，由于机翼增重较多，难以取得较好
机翼,affects,翼展,2018311055郭廷宇,4827,通过单-双折叠翼变体直接扩展一倍翼展，由于机翼增重较多，难以取得较好
无人机,uses_method,折叠,2018311055郭廷宇,4829,3）在“全球鹰”无人机基础上，可以通过单-双折叠翼变体，在
起降翼展,affects,翼展,2018311055郭廷宇,4830,扩展30%巡航翼展的同时缩减30%起降翼展，并增加25%左右的航程。
变体飞行器,is_a,概念,2018311055郭廷宇,4836,单-双折叠翼变体飞行器是全新的概念，本文前几章对单-双折叠翼变体飞
翼展,affects,展弦比,2018311055郭廷宇,4857,1）翼展和展弦比：单-双折叠翼变体主要应用于大展弦比长航时飞行器，
翼展,affects,展弦比,2018311055郭廷宇,4859,下设计翼展为6m 左右，展弦比为20 左右。
机翼,affects,载荷,2018311055郭廷宇,4860,2）起飞重量：综合考虑到试飞场地条件和飞机翼载荷的要求，验证机的
活动机翼,has_component,机构,2018311055郭廷宇,4868,体完成后，活动机翼可以完成固定和锁定，变体相关的机构结构的使用过载不
机翼,has_parameter,翼展,2018311055郭廷宇,4882,原理验证机在单翼状态下为下单翼布局，机翼为翼展6m 的平直机翼，由
固定机翼,has_component,活动机翼,2018311055郭廷宇,4883,2 段固定机翼和2 段活动机翼构成，每段长度1.47m，机翼弦长0.3m，使用
活动机翼,affects,气动特性,2018311055郭廷宇,4887,气动特性，并降低活动机翼在变体过程中的气动负载，但考虑到原理验证机主
连杆,has_component,活动机翼,2018311055郭廷宇,4895,翼平均弦长（0.3m），活动机翼（上翼）和固定机翼（下翼）间连杆长度为
连杆,has_component,固定机翼,2018311055郭廷宇,4895,翼平均弦长（0.3m），活动机翼（上翼）和固定机翼（下翼）间连杆长度为
连杆,has_component,活动机翼,2018311055郭廷宇,4896,0.8m，连杆与活动机翼连接点位于活动机翼中心处，连杆与固定机翼连接点
连杆,has_component,固定机翼,2018311055郭廷宇,4896,0.8m，连杆与活动机翼连接点位于活动机翼中心处，连杆与固定机翼连接点
翼型,has_component,活动机翼,2018311055郭廷宇,4902,装了一段厚翼型形状的翼台，该翼台用于在双翼构型下固定活动机翼。
机身,has_component,活动机翼,2018311055郭廷宇,4920,原理验证机采用模块化设计，活动机翼、机身顶部翼台、连杆和其他变体
机构,has_component,固定机翼,2018311055郭廷宇,4931,图 8.4 为固定机翼和活动机翼之间的连接机构，活动机翼和固定机翼之间
机构,has_component,活动机翼,2018311055郭廷宇,4931,图 8.4 为固定机翼和活动机翼之间的连接机构，活动机翼和固定机翼之间
连杆,has_component,翼型,2018311055郭廷宇,4932,的连杆为碳纤维复合材料制成，并整流为翼型形状，连杆两端固连有金属转
连杆,has_component,活动机翼,2018311055郭廷宇,4935,式下，连杆容纳在活动机翼下表面的U 型槽中。
机构,has_component,固定机翼,2018311055郭廷宇,4936,图 8.5 为固定机翼和活动机翼之间的固定锁定机构，活动机翼和固定机翼
机构,has_component,活动机翼,2018311055郭廷宇,4936,图 8.5 为固定机翼和活动机翼之间的固定锁定机构，活动机翼和固定机翼
机构,has_parameter,重量,2018311055郭廷宇,4971,上述所有机构结构的总重量约为
飞机,has_parameter,最大起飞重量,2018311055郭廷宇,4972,2.5 千克，约占飞机最大起飞重量的10%。
连杆,has_parameter,重量,2018311055郭廷宇,4973,其中连杆和铰链的总重量仅为600
铰链,has_parameter,重量,2018311055郭廷宇,4973,其中连杆和铰链的总重量仅为600
机构,has_parameter,重量,2018311055郭廷宇,4975,用于机翼锁定机构和机翼机构加强的重量则约1.9kg，这是为了方便
机翼,has_component,机构,2018311055郭廷宇,4975,用于机翼锁定机构和机翼机构加强的重量则约1.9kg，这是为了方便
机翼,uses_method,作动器,2018311055郭廷宇,4978,代中，如果使用一体化的机翼结构，并使用订制的直线作动器取代现有的电推
机翼,has_component,扭转,2018311055郭廷宇,4980,根据第4 章与第7 章中的研究结论，如果对机翼的梢根比，扭转角等进一步优
活动机翼,has_component,气动,2018311055郭廷宇,4981,化，活动机翼的气动负载可以进一步降低40%左右，则重量成本可以更进一
机翼,has_parameter,自由度,2018311055郭廷宇,4988,度和两侧机翼变体的两个自由度由不同的控制器控制。
飞机,has_parameter,自由度,2018311055郭廷宇,4990,主控制器负责处理姿态、速度和位置数据，并控制飞机的6 自由度飞行。
铰链,has_parameter,角度,2018311055郭廷宇,4994,个铰链处，以处理和发送角度数据，并生成舵机的控制信号。
副翼,applies_to,起飞,2018311055郭廷宇,5001,副翼也可以在起飞和着陆时承担襟翼功能，通过向下偏转来增加升力。
副翼,affects,升力,2018311055郭廷宇,5001,副翼也可以在起飞和着陆时承担襟翼功能，通过向下偏转来增加升力。
副翼,has_component,活动机翼,2018311055郭廷宇,5003,过程中，每个活动机翼的两片副翼负责控制活动机翼的自转和公转，两个副翼
副翼,affects,升力,2018311055郭廷宇,5004,的上下偏转控制活动机翼的升力以驱动公转，两个副翼的差动控制活动机翼自
偏转,affects,升力,2018311055郭廷宇,5004,的上下偏转控制活动机翼的升力以驱动公转，两个副翼的差动控制活动机翼自
机翼,has_component,副翼,2018311055郭廷宇,5009,机翼的副翼起到襟副翼的作用，除负责控制整个飞机的滚转外，也可以小幅下
副翼,has_component,活动机翼,2018311055郭廷宇,5012,固定时，活动机翼的内侧副翼将向上偏转，通过负升力使活动机翼保持在固定
偏转,affects,升力,2018311055郭廷宇,5012,固定时，活动机翼的内侧副翼将向上偏转，通过负升力使活动机翼保持在固定
变体机构,has_component,飞机,2018311055郭廷宇,5021,变体机构和飞机结构的可靠性；
铰链,has_component,机身,2018311055郭廷宇,5026,证机机身重心位置安装有一个三自由度球形铰链，铰链下端固连在钢制支架
折叠,has_component,变体飞行器,2018311055郭廷宇,5038,第8 章 单-双折叠翼变体飞行器的原理验证研究
机翼,has_component,折叠,2018311055郭廷宇,5120,机翼的释放与锁定约15 秒，机翼折叠或展开的过程约2-5 秒。
机翼,has_component,展开,2018311055郭廷宇,5120,机翼的释放与锁定约15 秒，机翼折叠或展开的过程约2-5 秒。
飞机,has_parameter,自由度,2018311055郭廷宇,5185,飞机自身飞行的6 个自由度和两侧变体的4 个自由度分别控制的解耦的控制策
折叠,is_a,概念,2018311055郭廷宇,5211,通过原理验证机的飞行试验，充分验证了单-双折叠翼变体概念的合理
气动力驱动变体,has_component,副翼,2018311055郭廷宇,5235,体的代价，气动力驱动变体所需的副翼铰链力矩相较于作动器直接驱动减小了
活动机翼,affects,攻角,2018311055郭廷宇,5248,变体过程中的非定常效应主要来自于活动机翼的运动引起的等效攻角变
连杆,has_component,变体飞行器,2018311055郭廷宇,5260,连杆是这些力和力矩传递的核心部件，在变体飞行器的结构设计中，应尽量减
机翼,has_component,连杆,2018311055郭廷宇,5266,展弦比多梁式机翼的基础上，进一步增加连杆、铰链、U 型槽等机构以满足变
机翼,has_component,铰链,2018311055郭廷宇,5266,展弦比多梁式机翼的基础上，进一步增加连杆、铰链、U 型槽等机构以满足变
折叠,affects,起降翼展,2018311055郭廷宇,5273,通过单-双折叠翼变体减小一半起降翼展；
气动力驱动变体,affects,翼展,2018311055郭廷宇,5280,即实现了6m 翼展的原理验证机大范围变体，也充分体现了气动力驱动变体的
固定机翼,has_component,活动机翼,2018311055郭廷宇,5297,单-双折叠翼变体过程中的气动力变化比较复杂，涉及到固定机翼、活动机翼
morphing,applies_to,aircraft,2018311055郭廷宇,5360,"[17] Frommer J, Crossley W. Enabling continuous optimization for sizing morphing aircraft"
morphing,has_component,wing,2018311055郭廷宇,5369,"[22] Min Z, Kien V K, Richard L J Y. Aircraft morphing wing concepts with radical geometry"
morphing,has_component,wing,2018311055郭廷宇,5371,"[23] Cevdet Ö, Özbek E, Ekici S. A Review on applications and effects of morphing wing"
机翼,affects,气动特性,2018311055郭廷宇,5392,"[32] 马铁林, 马东立, 张华. 大展弦比柔性机翼气动特性分析[J]. 北京航空航天大学学报, 2007,"
机翼,has_component,气动,2018311055郭廷宇,5394,"[33] 杨超, 杨澜, 谢长川. 大展弦比柔性机翼气动弹性分析中的气动力方法研究进展[J]. 空气"
aircraft,has_component,wing,2018311055郭廷宇,5397,"[34] Wolkovitch J. The joined wing-An overview[J]. Journal of aircraft, 1986, 23(3): 161-178."
aircraft,has_component,wing,2018311055郭廷宇,5398,"[35] Jacob J, Smith S. Design of hale aircraft using inflatable wings[C]//46th AIAA Aerospace"
机翼,has_component,形状,2018311055郭廷宇,5464,"[62] 李杰锋, 沈星, 杨学永. 形状记忆合金在变体机翼中的应用现状[J]. 材料导报, 2014,"
机翼,has_mechanism,变形,2018311055郭廷宇,5466,"[63] 牟常伟. 用于变体机翼的大变形柔性蒙皮构型及性能的初步探究 [D]. 南京航空航天大学,"
机翼,has_component,蒙皮,2018311055郭廷宇,5466,"[63] 牟常伟. 用于变体机翼的大变形柔性蒙皮构型及性能的初步探究 [D]. 南京航空航天大学,"
机构,has_component,伸缩,2018311055郭廷宇,5494,"[76] 李智, 董二宝, 许旻,等. 伸缩翼变形机构设计与实验研究[J]. 机械与电子, 2013(7):4."
机翼,has_mechanism,伸缩,2018311055郭廷宇,5497,"[78] 张祖豪. 具有连续机翼表面的伸缩式变形翼研究 [D]. 哈尔滨工业大学, 2019."
机翼,has_mechanism,变形,2018311055郭廷宇,5497,"[78] 张祖豪. 具有连续机翼表面的伸缩式变形翼研究 [D]. 哈尔滨工业大学, 2019."
aircraft,has_component,wing,2018311055郭廷宇,5575,"wing aircraft[J]. Proceedings of the Institution of Mechanical Engineers, Part G: Journal of"
aircraft,has_component,wing,论文-CJA,97,aerodynamic-driven morphing aircraft.18-20 The wings
aircraft,has_component,wing,论文-CJA,98,of this morphing aircraft consist of fixed wings and
wing,has_mechanism,morphing,论文-CJA,126,at the hinges. The morphing motion of the wings can
wing,uses_method,morphing,论文-CJA,190,"morphing process, the ailerons on the fixed wing"
aircraft,has_component,wing,论文-CJA,207,"of the wings, and achieved a 50% change in aircraft"
wing,has_parameter,10°,论文-CJA,322,"around the fixed wing is set at 10° per second, with"
morphing,has_parameter,2°,论文-CJA,440,angles of attack (2° and 6°) during the morphing
morphing,has_parameter,6°,论文-CJA,440,angles of attack (2° and 6°) during the morphing
aircraft,uses_method,morphing,论文-CJA,467,Fig. 10. Changes in lift and drag of the aircraft during the morphing process.
aircraft,has_component,wing,论文-CJA,478,"study, the aircraft is divided into the fixed wing and"
wing,has_mechanism,morphing,论文-CJA,486,movable wing during the morphing process. It can be
aircraft,uses_method,morphing,论文-CJA,513,Changes in the lift center and aerodynamic center of the aircraft in the chord direction during the morphing process.
wing,has_mechanism,morphing,论文-CJA,562,movable wings during the morphing process.
wing,uses_method,morphing,论文-CJA,566,Flow situation of movable and fixed wings at the beginning of morphing.
wing,has_mechanism,morphing,论文-CJA,642,wing morphing primarily arise from the variation in
aircraft,has_component,wing,论文-CJA,750,the fixed wing control the roll of the aircraft and
aircraft,has_component,wing,论文-CJA,855,fixed portion and the movable wing of the aircraft
wing,uses_method,morphing,论文-CJA,879,"and morphing wings is the same, then:"
wing,uses_method,morphing,论文-CJA,950,wing ailerons during the morphing process can be
aircraft,has_component,wing,论文-CJA,1102,morphing aircraft when fixed-wing ailerons compensating
wing,uses_method,morphing,论文-CJA,1102,morphing aircraft when fixed-wing ailerons compensating
活动机翼,has_component,连杆,2018311055郭廷宇,4086,飞机布局形式：在变体过程中，活动机翼和连杆的变体运动范围较大，
展弦比,is_a,飞行器,2018311055郭廷宇,4098,现有的大展弦比长航时飞行器通常采用背负
机翼,affects,压力分布,2018311055郭廷宇,4103,计中，机翼的梢根比通常在0.3-0.4 左右，此时飞机的压力分布接近于椭圆形
翼尖,affects,失速,2018311055郭廷宇,4107,当梢根比过小时，机翼翼尖容易发生失速。
活动机翼,has_component,连杆,2018311055郭廷宇,4115,小，则活动机翼的机翼面积占比越小，活动机翼传递给的连杆的气动力和气动
连杆,affects,重量,2018311055郭廷宇,4116,力矩越低，连杆在结构重量和空间尺寸等方面带来的代价也越低，变体对于飞
连杆,affects,尺寸,2018311055郭廷宇,4116,力矩越低，连杆在结构重量和空间尺寸等方面带来的代价也越低，变体对于飞
活动机翼,uses_method,副翼偏转,2018311055郭廷宇,4120,程中，全机的升力需重新分配，活动机翼的升力将通过副翼偏转卸载一部分，
副翼偏转,affects,升力,2018311055郭廷宇,4120,程中，全机的升力需重新分配，活动机翼的升力将通过副翼偏转卸载一部分，
活动,has_component,固定机翼,2018311055郭廷宇,4121,并转移至固定机翼，减小梢根比也有利于减少需要转移的升力，降低对于活动
固定机翼,affects,升力,2018311055郭廷宇,4121,并转移至固定机翼，减小梢根比也有利于减少需要转移的升力，降低对于活动
变体机构,has_component,副翼,2018311055郭廷宇,4124,不利于副翼和变体机构的安放。
变体飞行器,has_parameter,展弦比,2018311055郭廷宇,4125,综合以上三点，单-双折叠翼变体飞行器的梢根比选取与常规的大展弦比
翼尖,affects,升力系数,2018311055郭廷宇,4129,采用负扭转角的设计，从而降低翼尖的升力系数，防止翼尖失速。
连杆,has_component,变体机构,2018311055郭廷宇,4144,对于机翼结构设计来说，机翼带有较大后掠角时，连杆和其他变体机构的
翼型,has_parameter,厚度,2018311055郭廷宇,4155,抗弯刚度，其翼型厚度通常在12%机翼弦长左右。
飞行器,has_component,机翼,2018311055郭廷宇,4159,油箱布置：常规飞行器的油箱通常分为机翼油箱和机身油箱两部分，以
飞行器,has_component,机身,2018311055郭廷宇,4159,油箱布置：常规飞行器的油箱通常分为机翼油箱和机身油箱两部分，以
机身发动机,has_component,机翼,2018311055郭廷宇,4160,“全球鹰”为例，其主油箱布置于机身发动机的下方，两个副油箱布置于机翼
位置,affects,弯矩,2018311055郭廷宇,4161,中靠近翼稍的位置，在存放燃油的同时可以起到降低机翼弯矩的作用。
变体机构,has_parameter,重量,2018311055郭廷宇,4167,飞总重相同的情况下，变体机构的重量本身会占用一部分燃油重量，变体机构
活动机翼,affects,升力,2018311055郭廷宇,4170,的升力，减小活动机翼的气动负载。
活动机翼,affects,气动,2018311055郭廷宇,4170,的升力，减小活动机翼的气动负载。
约束,applies_to,长航,2018311055郭廷宇,4180,计约束与新设计要求与现有的大展弦比长航时飞行器的设计准则无明显矛盾，
折叠,affects,参数,2018311055郭廷宇,4182,现有的大展弦比飞机设计参数，这在很大程度上也降低了单-双折叠翼变体在
翼型,has_parameter,厚度,2018311055郭廷宇,4209,12%左右厚度翼型
翼型,has_parameter,厚度,2018311055郭廷宇,4210,12%左右厚度翼型，连杆处加厚
连杆,affects,厚度,2018311055郭廷宇,4210,12%左右厚度翼型，连杆处加厚
机身,has_component,机翼,2018311055郭廷宇,4212,机身主油箱+机翼副油箱
连杆,has_parameter,位置,2018311055郭廷宇,4218,设计参数，如双翼构型的上下机翼的位置参数，连杆的位置参数和设计参数
机翼间距,affects,气动,2018311055郭廷宇,4220,上下机翼间距：上下机翼间距增加有助于改善飞机在双翼布局下的气动
机翼间距,affects,气动,2018311055郭廷宇,4224,于双翼布局气动力特性的研究，上下机翼间距在一倍左右平均气动弦长时，可
机翼间距,affects,气动力,2018311055郭廷宇,4224,于双翼布局气动力特性的研究，上下机翼间距在一倍左右平均气动弦长时，可
机翼,has_component,固定机翼,2018311055郭廷宇,4228,固定机翼和活动机翼的间断位置：单-双折叠翼变体的机翼分为固定机翼
机翼,has_component,活动机翼,2018311055郭廷宇,4228,固定机翼和活动机翼的间断位置：单-双折叠翼变体的机翼分为固定机翼
固定机翼,has_component,活动机翼,2018311055郭廷宇,4228,固定机翼和活动机翼的间断位置：单-双折叠翼变体的机翼分为固定机翼
翼展,affects,气动,2018311055郭廷宇,4234,一定范围内，上机翼和下机翼的翼展比变化不会对双翼构型的整体气动性能产
位置,affects,翼展,2018311055郭廷宇,4235,生较大影响，从减少翼展的角度考虑，间断应设置在机翼展向的中心位置，此
连杆,has_parameter,参数,2018311055郭廷宇,4241,连杆参数：连杆的参数主要包括连杆的长度、位置和截面构型。
机翼,has_parameter,距离,2018311055郭廷宇,4243,杆的长度主要取决于机翼的展长和上下机翼的距离。
连杆,has_parameter,几何,2018311055郭廷宇,4269,图 7.3 活动机翼、固定机翼和连杆的几何关系
连杆,affects,间距,2018311055郭廷宇,4270,根据上式可看出，连杆的长度取决于上下翼间距和固定机翼外露展长，与
几何,affects,位置,2018311055郭廷宇,4272,在满足上述几何关系的情况下，连杆可以平行布置在双翼间的任意位置，
连杆,applies_to,飞机,2018311055郭廷宇,4276,本文4.2.4 与6.3.1 两节分别讨论了连杆的数量和构型对于飞机气动特性
扭转,affects,阻力,2018311055郭廷宇,4278,双连杆布局的阻力较大，结构比较复杂，但抗扭转性能较
连杆,affects,厚度,2018311055郭廷宇,4280,连杆的厚度增加有助于增强抗扭性能，但容易引发后
飞机,has_component,机翼,2018311055郭廷宇,4283,强飞机的抗弯性能，但同时也增大了对于机翼容积的侵占。
连杆,affects,稳定性,2018311055郭廷宇,4296,矩，降低连杆等变体机构的受力，减少变体对于飞机稳定性的不良影响。
变体机构,affects,稳定性,2018311055郭廷宇,4296,矩，降低连杆等变体机构的受力，减少变体对于飞机稳定性的不良影响。
升力,affects,重力,2018311055郭廷宇,4349,动机翼的升力将卸载一部分，使其升力近似等于自身重力，而固定机翼的升力
升力,affects,重力,2018311055郭廷宇,4350,则需补偿一部分，使其升力等于全机余下部分的重力，即：
飞机,has_parameter,重力,2018311055郭廷宇,4381,分别为飞机固定部分和活动机翼的重力，
固定机翼,has_parameter,面积,2018311055郭廷宇,4388,为固定机翼和活动机翼的面积，
活动机翼,has_parameter,面积,2018311055郭廷宇,4388,为固定机翼和活动机翼的面积，
机翼,has_parameter,升力系数,2018311055郭廷宇,4395,机翼的升力系数。
攻角,affects,升力,2018311055郭廷宇,4396,在升力重新分配过程中，若固定机翼通过增加攻角来补偿升力，则活动机
升力,affects,攻角,2018311055郭廷宇,4397,翼的攻角也将同步增加，且近似认为攻角变化时固定机翼和活动机翼的升力分
机翼需要卸载,affects,升力系数,2018311055郭廷宇,4398,布不变，则活动机翼需要卸载的升力系数为：
固定机翼,uses_method,副翼,2018311055郭廷宇,4413,在升力重新分配过程中，若固定机翼不改变攻角，通过副翼向下偏转来补
副翼,affects,升力,2018311055郭廷宇,4413,在升力重新分配过程中，若固定机翼不改变攻角，通过副翼向下偏转来补
副翼,has_parameter,角度,2018311055郭廷宇,4426,则活动机翼的副翼上偏角度为：
活动机翼,has_component,副翼,2018311055郭廷宇,4426,则活动机翼的副翼上偏角度为：
偏转,affects,失速,2018311055郭廷宇,4443,当副翼的偏转角度过大时，将会引起机翼失速。
副翼,affects,失速,2018311055郭廷宇,4443,当副翼的偏转角度过大时，将会引起机翼失速。
活动机翼,affects,阻力,2018311055郭廷宇,4444,同时，机翼偏转角度过大也会使活动机翼的阻力和扭矩过大，进而使连杆等变
活动机翼,affects,扭矩,2018311055郭廷宇,4444,同时，机翼偏转角度过大也会使活动机翼的阻力和扭矩过大，进而使连杆等变
副翼,has_parameter,面积,2018311055郭廷宇,4449,算结果，可以进一步计算得到活动机翼的副翼不同面积占比时飞机的变体包
活动机翼,has_component,副翼,2018311055郭廷宇,4449,算结果，可以进一步计算得到活动机翼的副翼不同面积占比时飞机的变体包
副翼,has_parameter,面积,2018311055郭廷宇,4452,变体包线，当活动机翼的副翼面积占比为25%时，其变体包线的范围相较于
面积,affects,范围,2018311055郭廷宇,4452,变体包线，当活动机翼的副翼面积占比为25%时，其变体包线的范围相较于
扭转,affects,升力,2018311055郭廷宇,4470,机翼增加负扭转角，则在变体过程中，活动机翼需卸载的升力减小，也同样会
活动机翼,affects,升力,2018311055郭廷宇,4470,机翼增加负扭转角，则在变体过程中，活动机翼需卸载的升力减小，也同样会
副翼,applies_to,飞机,2018311055郭廷宇,4478,对于固定机翼的副翼，则需要根据飞机的机翼设计参数和变体控制策略，
固定机翼,has_component,副翼,2018311055郭廷宇,4478,对于固定机翼的副翼，则需要根据飞机的机翼设计参数和变体控制策略，
机翼副翼,has_parameter,参数,2018311055郭廷宇,4480,机翼副翼的设计参数。
副翼,affects,升力,2018311055郭廷宇,4481,若固定机翼的副翼在变体过程中作升力补偿，则副翼的
固定机翼,has_component,副翼,2018311055郭廷宇,4481,若固定机翼的副翼在变体过程中作升力补偿，则副翼的
